Customer_ID,Gender,Senior_Citizen,Partner,Dependents,Tenure_Months,Phone_Service,Multiple_Lines,Internet_Service,Online_Security,Online_Backup,Device_Protection,Tech_Support,Streaming_TV,Streaming_Movies,Contract,Paperless_Billing,Payment_Method,Monthly_Charges,Total_Charges,Churn
CUST-7140,Femal,0,Yes,Yes,65,Yes,No,DSL,No,Yes,No internet service,Yes,No,Yes,two year,No,Electronic check,75.59,4906.15,NO
CUST-7949,Femal,0,No,Yes,51,Yes,No phone service,No,No internet service,No internet service,No internet service,No internet service,No internet service,No internet service,ONE YEAR,Yes,Mailed check,32.98,1675.3,NO
CUST-7248,Femal,0,Yes,No,55,Yes,No,Fiber optic,No,No internet service,Yes,No internet service,No internet service,Yes,Month to month,Yes,Mailed check,76.25,4196.7,no
CUST-7737,FEMALE,0,Yes,Yes,40,Yes,No phone service,DSL,Yes,No,Yes,Yes,Yes,Yes,ONE YEAR,Yes,Bank transfer,82.7,3312.99,NO
CUST-7568,male,0,Yes,No,0,Yes,No phone service,Fiber optic,No internet service,No internet service,Yes,Yes,Yes,No,month-to-month,Yes,Credit card,88.68,3.89,NO
CUST-8323,FEMALE,0,No,Yes,31,Yes,No phone service,No,No internet service,No internet service,No internet service,No internet service,No internet service,No internet service,Month-to-month,No,Mailed check,31.03,971.4, No 
CUST-8082, Male,1,No,Yes,31,Yes,Yes,No,No internet service,No internet service,No internet service,No internet service,No internet service,No internet service,2 year,No,Electronic check,32.71,1021.05, No 
CUST-7783, Male,0,Yes,No,40,Yes,No,No,No internet service,No internet service,No internet service,No internet service,No internet service,No internet service,month-to-month,Yes,Mailed check,28.02,1114.18,No
CUST-8334,female,0,Yes,No,10,Yes,Yes,No,No internet service,No internet service,No internet service,No internet service,No internet service,No internet service,One year,No,Electronic check,31.45,305.42,No
CUST-8168,male,No,No,Yes,34,Yes,No phone service,Fiber optic,No,No internet service,Yes,No,No internet service,Yes,TWO YEAR,No,Bank transfer,91.08,3105.04,Yes
CUST-7239,female,0,Yes,Yes,65,Yes,No,No,No internet service,No internet service,No internet service,No internet service,No internet service,No internet service,ONE YEAR,No,Electronic check,33.73,2193.06,No
CUST-7407, Female ,0,Yes,No,7,No,No phone service,DSL,No internet service,Yes,No internet service,No,No,No internet service,Month-to-month,Yes,Credit card,49.31,354.85,no
CUST-8107,female,0,No,No,67,Yes,Yes,DSL,Yes,No,No,No,No,No,month-to-month,Yes,Electronic check,51.7,3469.68,YES
CUST-8370, Female ,0,No,No,29,Yes,Yes,DSL,No,No internet service,No,No,No internet service,No,ONE YEAR,Yes,Bank transfer,54.09,1573.17,NO
CUST-7199,Femal,0,Yes,No,2,Yes,No,Fiber optic,Yes,No internet service,Yes,Yes,No internet service,No,month-to-month,No,Credit card,86.67,164.56,No
,,,,,,,,,,,,,,,,,,,,
CUST-7648,female,0,No,Yes,57,Yes,No phone service,DSL,Yes,No,Yes,No,No,Yes,Month to month,Yes,Credit card,64.61,3686.23,YES
CUST-8068,Male,0,Yes,Yes,64,Yes,No phone service,No,No internet service,No internet service,No internet service,No internet service,No internet service,No internet service,One year,No,Bank transfer,28.2,1806.76, No 
CUST-7754,male,0,Yes,Yes,14,Yes,Yes,No,No internet service,No internet service,No internet service,No internet service,No internet service,No internet service,one year,Yes,Mailed check,34.08,485.62,no
CUST-7357,male,0,No,No,3,Yes,No,Fiber optic,Yes,No internet service,No internet service,No,No,Yes,one year,No,Bank transfer,95.64,279.87, Yes
CUST-7883,male,0,Yes,Yes,57,Yes,No phone service,No,No internet service,No internet service,No internet service,No internet service,No internet service,No internet service,ONE YEAR,Yes,Electronic check,31.13,1775.68, No 
CUST-8228,male,0,Yes,Yes,53,Yes,Yes,Fiber optic,No internet service,Yes,Yes,No,No,Yes,One year,Yes,Bank transfer,89.87,4759.34,Yes
CUST-7293,MALE,0,Yes,Yes,44,Yes,No phone service,Fiber optic,Yes,No,No,No internet service,No,No internet service,month-to-month,Yes,Mailed check,72.58,3188.96,NO
CUST-7427,female,0,No,Yes,3,Yes,No,Fiber optic,No,Yes,No,No,No internet service,Yes,Month to month,Yes,Mailed check,86.51,264.03,YES
CUST-7069,Male,0,No,Yes,0,Yes,Yes,No,No internet service,No internet service,No internet service,No internet service,No internet service,No internet service,Month to month,No,Electronic check,29.15,6.14,Yes
CUST-7514,Femal,0,Yes,No,67,Yes,Yes,No,No internet service,No internet service,No internet service,No internet service,No internet service,No internet service,ONE YEAR,No,Mailed check,33.83,2264.44,No
CUST-7697, Male,0,No,Yes,64,Yes,Yes,Fiber optic,No internet service,No internet service,Yes,No internet service,Yes,Yes,Month-to-month,Yes,Credit card,100.61,6432.42, Yes
CUST-7977, Male,0,Yes,No,10,Yes,No phone service,No,No internet service,No internet service,No internet service,No internet service,No internet service,No internet service,2 year,Yes,Bank transfer,27.44,283.23, No 
CUST-7784, Female ,0,No,Yes,11,Yes,Yes,Fiber optic,Yes,No,Yes,No,No,No,Month-to-month,Yes,Mailed check,94.71,1048.82, Yes
CUST-8014,female,0,No,No,63,Yes,No phone service,Fiber optic,No internet service,No,No internet service,Yes,No internet service,Yes,Month-to-month,Yes,Credit card,81.17,5114.71,No
CUST-7221,FEMALE,0,Yes,No,10,Yes,No,Fiber optic,Yes,Yes,No,No internet service,No,Yes,Month-to-month,No,Bank transfer,84.1,843.07,no
CUST-8255,male,0,Yes,No,9,Yes,No phone service,Fiber optic,No,No,Yes,No internet service,No,No,month-to-month,Yes,Credit card,72.98,653.69,NO
CUST-7904, Female ,0,No,Yes,30,No,No phone service,No,No internet service,No internet service,No internet service,No internet service,No internet service,No internet service,ONE YEAR,Yes,Electronic check,20.0,596.4,no
CUST-7600,Femal,0,Yes,Yes,3,Yes,No,DSL,No,No,No internet service,No internet service,No internet service,No internet service,month-to-month,No,Bank transfer,51.58,158.73,yes
CUST-7103,MALE,0,Yes,No,32,Yes,No phone service,Fiber optic,No internet service,No,Yes,Yes,No internet service,Yes,MONTH-TO-MONTH,Yes,Mailed check,102.09,3268.83, Yes
CUST-7288,FEMALE,0,Yes,Yes,62,Yes,Yes,No,No internet service,No internet service,No internet service,No internet service,No internet service,No internet service,Month-to-month,No,Credit card,30.52,1899.06,no
CUST-8187,FEMALE,0,Yes,No,39,Yes,No phone service,Fiber optic,Yes,No,No,No internet service,No,No,one year,Yes,Credit card,78.29,3057.31,NO
CUST-8290,MALE,0,No,Yes,23,Yes,No,Fiber optic,Yes,No,Yes,No,Yes,No internet service,Month-to-month,No,Mailed check,98.25,2262.07,yes
CUST-7610,MALE,0,Yes,Yes,29,Yes,No phone service,No,No internet service,No internet service,No internet service,No internet service,No internet service,No internet service,Month-to-month,No,Credit card,33.95,984.56, No 
CUST-7616,Male,0,No,No,23,Yes,Yes,Fiber optic,No internet service,Yes,No,No internet service,No internet service,Yes,Two year,Yes,Credit card,72.57,1671.63,YES
CUST-7804,Male,0,No,No,55,Yes,No phone service,No,No internet service,No internet service,No internet service,No internet service,No internet service,No internet service,Two year,No,Credit card,34.07,1883.65, No 
CUST-7061, Male,0,Yes,No,11,Yes,No phone service,DSL,No internet service,No,No,Yes,Yes,Yes,MONTH-TO-MONTH,No,Bank transfer,76.94,854.29,yes
CUST-8274,male,0,Yes,Yes,57,No,No phone service,Fiber optic,No internet service,No internet service,No internet service,No,Yes,No internet service,One year,No,Credit card,67.15,3828.82,no
CUST-7471,Female,0,,No,51,Yes,No,No,No internet service,No internet service,No internet service,No internet service,No internet service,No internet service,TWO YEAR,No,Electronic check,31.22,1593.68, No 
CUST-7004,male,0,Yes,Yes,72,Yes,No,DSL,No internet service,No,No,No,Yes,Yes,month-to-month,Yes,Bank transfer,63.32,4560.53,no
CUST-8288,FEMALE,0,No,Yes,72,Yes,Yes,Fiber optic,No,No,No internet service,Yes,Yes,No internet service,MONTH-TO-MONTH,Yes,Credit card,83.86,6031.72,yes
CUST-8398,Male,0,Yes,Yes,70,Yes,No,Fiber optic,No internet service,No,No,Yes,No,Yes,MONTH-TO-MONTH,Yes,Credit card,90.19,6306.08,no
CUST-8008,FEMALE,0,Yes,Yes,43,Yes,No phone service,No,No internet service,No internet service,No internet service,No internet service,No internet service,No internet service,Month to month,No,Mailed check,30.32,1306.29,no
CUST-7718,FEMALE,1,Yes,Yes,33,Yes,No phone service,No,No internet service,No internet service,No internet service,No internet service,No internet service,No internet service,TWO YEAR,Yes,Mailed check,33.29,1090.55, No 
CUST-7442,Male,0,Yes,No,3,Yes,No,DSL,No,Yes,No,No internet service,No,No internet service,Month-to-month,No,Bank transfer,55.84,168.46, Yes
CUST-7972, Female ,0,Yes,No,52,Yes,Yes,Fiber optic,No,No,No,No,No,No,two year,No,Mailed check,80.51,4185.49,NO
CUST-8117,,1,No,Yes,37,Yes,No,No,No internet service,No internet service,No internet service,No internet service,No internet service,No internet service,Month to month,No,,32.44,1194.05,No
CUST-7608, Male,0,No,Yes,29,Yes,No,Fiber optic,No,No,Yes,Yes,No,No internet service,One year,Yes,Bank transfer,95.83,2782.22,no
CUST-8155,MALE,0,Yes,Yes,32,Yes,No phone service,Fiber optic,No internet service,No internet service,No internet service,Yes,No internet service,No internet service,Month-to-month,No,Electronic check,70.64,2263.69,Yes
CUST-7831,Female,0,Yes,No,48,Yes,No phone service,DSL,No,No internet service,No internet service,No internet service,No,No internet service,Month to month,No,Credit card,58.81,2831.0,YES
CUST-7150,Femal,0,No,No,30,No,No phone service,No,No internet service,No internet service,No internet service,No internet service,No internet service,No internet service,two year,Yes,Electronic check,20.0,600.52,No
CUST-7646,FEMALE,1,Yes,No,2,Yes,Yes,DSL,No,Yes,Yes,Yes,No,No internet service,ONE YEAR,Yes,Mailed check,64.24,132.06, No 
CUST-7303,male,0,Yes,Yes,64,Yes,Yes,Fiber optic,Yes,No,No,Yes,Yes,No internet service,2 year,No,Credit card,90.77,5803.09,No
CUST-8382,Femal,0,No,No,1,No,No phone service,DSL,Yes,No,No,No internet service,No internet service,No,ONE YEAR,No,Bank transfer,52.78,48.88,NO
CUST-7400,male,0,No,Yes,59,Yes,No phone service,Fiber optic,No internet service,Yes,No,No,Yes,No internet service,MONTH-TO-MONTH,Yes,Bank transfer,90.56,5347.96,NO
CUST-7050,Femal,0,Yes,Yes,61,Yes,No phone service,DSL,Yes,No internet service,Yes,No internet service,No internet service,No,TWO YEAR,Yes,Mailed check,71.64,4362.69, No 
CUST-8259,female,0,Yes,Yes,0,Yes,Yes,Fiber optic,No internet service,No,Yes,Yes,Yes,No internet service,Two year,Yes,Electronic check,82.73,3.66,no
CUST-7099,MALE,0,Yes,No,58,Yes,No,DSL,No,Yes,Yes,No,Yes,No internet service,MONTH-TO-MONTH,No,Credit card,72.22,4187.79,YES
CUST-7070,MALE,0,No,Yes,72,Yes,No phone service,DSL,Yes,Yes,No internet service,Yes,No internet service,Yes,Month-to-month,No,Electronic check,68.36,4928.12, No 
CUST-7083, Male,0,Yes,No,61,No,No phone service,No,No internet service,No internet service,No internet service,No internet service,No internet service,No internet service,MONTH-TO-MONTH,No,Electronic check,20.0,,Yes
CUST-7853,Femal,0,No,No,40,Yes,No,DSL,No,No,No,Yes,No internet service,No,ONE YEAR,Yes,Electronic check,57.09,2277.04,NO
CUST-7131,male,0,No,No,4,Yes,No phone service,DSL,Yes,No,No,Yes,No internet service,Yes,MONTH-TO-MONTH,Yes,Credit card,77.56,302.88,YES
CUST-7085,Female,0,Yes,No,4,Yes,Yes,Fiber optic,No,No,No internet service,No internet service,Yes,No,Month-to-month,Yes,Bank transfer,82.4,337.51,yes
CUST-7197, Male,0,No,Yes,39,Yes,No,Fiber optic,No,No internet service,No internet service,Yes,Yes,No,One year,Yes,Electronic check,76.53,2981.91, No 
CUST-8383,Male,0,No,Yes,10,Yes,No,Fiber optic,No internet service,No internet service,No internet service,Yes,No,No,Two year,No,Mailed check,76.06,759.11,NO
CUST-8109, Female ,0,No,No,28,Yes,No phone service,DSL,No,No internet service,No,No internet service,No,No internet service,Month to month,No,Credit card,56.87,1583.41,no
CUST-7198,MALE,0,No,No,48,Yes,Yes,No,No internet service,No internet service,No internet service,No internet service,No internet service,No internet service,one year,No,Credit card,29.13,1400.1,YES
CUST-7498, Male,0,No,Yes,72,Yes,Yes,DSL,No internet service,Yes,Yes,Yes,No internet service,No,two year,Yes,Bank transfer,70.66,5083.76, No 
CUST-7941,male,0,No,No,2,No,No phone service,No,No internet service,No internet service,No internet service,No internet service,No internet service,No internet service,MONTH-TO-MONTH,No,Mailed check,20.0,38.84,YES
CUST-8333, Female ,0,Yes,Yes,12,Yes,No phone service,DSL,No internet service,No,Yes,No,Yes,Yes,Month to month,No,Credit card,73.24,887.87,No
CUST-7268,Female,1,Yes,No,44,Yes,Yes,No,No internet service,No internet service,No internet service,No internet service,No internet service,No internet service,One year,No,Electronic check,26.66,1167.27,NO
CUST-7763,Female,1,No,Yes,32,Yes,No phone service,DSL,No,No internet service,No,No,No,No,month-to-month,No,Credit card,44.85,1442.32, No 
CUST-7893,MALE,0,Yes,Yes,8,Yes,No phone service,DSL,No internet service,Yes,No internet service,Yes,No internet service,No internet service,Month to month,No,Mailed check,54.87,446.58,YES
CUST-7371,MALE,0,No,Yes,66,Yes,No phone service,DSL,Yes,Yes,No,No,No internet service,No,2 year,Yes,Bank transfer,55.76,3682.86,no
CUST-7811,Female,0,No,No,3,No,No phone service,No,No internet service,No internet service,No internet service,No internet service,No internet service,No internet service,one year,No,Bank transfer,20.0,54.23,No
CUST-7987,FEMALE,0,No,Yes,19,Yes,No phone service,Fiber optic,No,Yes,No internet service,No internet service,No,No internet service,Month-to-month,Yes,Mailed check,70.46,1345.39, Yes
CUST-7193,Male,0,Yes,Yes,34,Yes,No,No,No internet service,No internet service,No internet service,No internet service,No internet service,No internet service,Month-to-month,Yes,Bank transfer,29.67,1008.91,Yes
CUST-7913, Female ,0,No,No,8,Yes,No phone service,Fiber optic,No,No,No,No,No,Yes,Two year,No,Electronic check,85.26, ,Yes
CUST-7592,MALE,0,No,No,6,Yes,No phone service,DSL,Yes,No internet service,Yes,Yes,Yes,No internet service,Month to month,No,Electronic check,71.83,437.34,Yes
CUST-7343,Male,0,Yes,No,41,Yes,Yes,Fiber optic,Yes,Yes,No internet service,No,No internet service,No internet service,month-to-month,Yes,Electronic check,92.2,3786.88, Yes
CUST-7439,FEMALE,0,No,Yes,5,Yes,No phone service,DSL,Yes,No,No,No,No,Yes,Two year,Yes,Electronic check,70.98,352.7,no
CUST-7355,female,0,No,Yes,44,Yes,Yes,DSL,Yes,No,No internet service,No internet service,No internet service,No,month-to-month,No,Bank transfer,58.71,2575.57,YES
CUST-8248,Female,1,Yes,Yes,70,Yes,Yes,DSL,Yes,Yes,No,Yes,No internet service,No internet service,ONE YEAR,Yes,Credit card,71.6,5009.41,no
CUST-8296, Male,0,Yes,No,11,Yes,No phone service,No,No internet service,No internet service,No internet service,No internet service,No internet service,No internet service,MONTH-TO-MONTH,Yes,Bank transfer,33.63,364.42, No 
CUST-8145,Female,0,Yes,No,13,Yes,No,Fiber optic,Yes,No internet service,No,No internet service,No,No internet service,month-to-month,Yes,Electronic check,78.27,1015.21,Yes
CUST-8258,MALE,0,No,No,29,No,No phone service,Fiber optic,Yes,No,Yes,No internet service,No,No,Month-to-month,Yes,Credit card,68.71,1992.51,No
CUST-7730, Male,0,Yes,No,9,Yes,Yes,DSL,No,No,Yes,No internet service,No internet service,No internet service,MONTH-TO-MONTH,No,Bank transfer,60.86,540.75, Yes
CUST-8182,MALE,1,No,No,36,Yes,No phone service,Fiber optic,No,Yes,No internet service,No,No internet service,Yes,month-to-month,No,Electronic check,83.79,3021.28,yes
CUST-8129,Male,0,Yes,Yes,2,Yes,Yes,No,No internet service,No internet service,No internet service,No internet service,No internet service,No internet service,MONTH-TO-MONTH,No,Bank transfer,28.16,58.07,YES
CUST-7991, Female ,0,No,Yes,0,Yes,No phone service,DSL,No internet service,No internet service,No,No,No internet service,No,month-to-month,No,Electronic check,59.42,4.53,yes
CUST-7321, Male,0,Yes,Yes,39,No,No phone service,No,No internet service,No internet service,No internet service,No internet service,No internet service,No internet service,Month to month,Yes,Mailed check,20.0,784.39,
CUST-8249,Femal,0,Yes,Yes,49,Yes,No phone service,No,No internet service,No internet service,No internet service,No internet service,No internet service,No internet service,month-to-month,No,Electronic check,29.12,1417.46,Yes
CUST-7654,Male,0,No,No,1,No,No phone service,Fiber optic,No,No,No internet service,Yes,No internet service,No internet service,MONTH-TO-MONTH,No,Electronic check,64.62,70.09,YES
CUST-7561,Female,0,Yes,No,39,Yes,No phone service,DSL,No internet service,Yes,Yes,No,No internet service,Yes,month-to-month,Yes,Credit card,60.95,2577.53,no
CUST-7755,Female,0,Yes,Yes,14,Yes,No phone service,Fiber optic,No internet service,No internet service,No internet service,No,Yes,Yes,MONTH-TO-MONTH,No,Electronic check,93.3,,yes
CUST-7327,female,0,No,Yes,0,Yes,No phone service,Fiber optic,No,No internet service,No,No,No,Yes,ONE YEAR,No,Mailed check,84.39,0.0,YES
CUST-7157,MALE,0,No,No,69,Yes,No,Fiber optic,Yes,No internet service,No internet service,No internet service,Yes,Yes,month-to-month,No,Mailed check,87.46,6030.21,No
CUST-8193, Male,0,Yes,Yes,5,Yes,Yes,Fiber optic,Yes,Yes,Yes,No,Yes,No internet service,MONTH-TO-MONTH,No,Electronic check,111.97,566.98,YES
CUST-7318, Female ,0,No,Yes,4,Yes,Yes,DSL,Yes,No internet service,No,No internet service,No,No internet service,two year,Yes,Bank transfer,64.52,263.15,Yes
CUST-8007,Male,0,Yes,No,22,Yes,No,Fiber optic,No internet service,No internet service,No internet service,Yes,Yes,No,2 year,Yes,Mailed check,82.34,1813.17,YES
CUST-8336,Femal,0,No,Yes,45,No,No phone service,No,No internet service,No internet service,No internet service,No internet service,No internet service,No internet service,Month to month,Yes,Mailed check,20.0,904.69,NO
CUST-7768, Female ,0,Yes,No,37,Yes,Yes,No,No internet service,No internet service,No internet service,No internet service,No internet service,No internet service,One year,No,Electronic check,29.14,1076.6,No
CUST-7573,male,0,Yes,Yes,6,Yes,No phone service,DSL,Yes,Yes,Yes,No internet service,Yes,Yes,Month to month,Yes,Bank transfer,88.15,527.6,NO
CUST-8124, Male,0,No,Yes,53,Yes,No phone service,Fiber optic,No,No internet service,No,No internet service,No internet service,No internet service,one year,No,Bank transfer,73.33,3891.97,no
CUST-7352, Male,0,No,No,59,Yes,Yes,Fiber optic,No internet service,No internet service,No,No,No,Yes,Month-to-month,Yes,Electronic check,72.85,4297.98,no
CUST-7990, Male,0,Yes,No,65,Yes,No,DSL,No internet service,No,Yes,No,Yes,No,Month to month,Yes,Mailed check,55.24,3596.64,YES
CUST-7937,male,0,Yes,No,70,Yes,Yes,DSL,No,No internet service,No,Yes,No internet service,No internet service,One year,No,Mailed check,66.57,4664.5,no
CUST-7976, Female ,0,Yes,No,58,Yes,Yes,Fiber optic,Yes,No,No,Yes,Yes,No,Month to month,No,,88.01,5104.51,Yes
CUST-7615,Female,0,Yes,Yes,66,Yes,No phone service,DSL,No,No internet service,Yes,Yes,No internet service,No internet service,One year,No,Bank transfer,56.89,3748.64,No
CUST-7984,female,No,No,No,61,Yes,No phone service,Fiber optic,Yes,No,Yes,No,No,No,MONTH-TO-MONTH,No,Mailed check,78.33,4778.87,YES
CUST-7362,Femal,0,Yes,Yes,17,Yes,Yes,DSL,No,No,No internet service,Yes,No internet service,No,month-to-month,No,Mailed check,50.04,857.23,YES
CUST-8246,female,0,Yes,No,59,Yes,No phone service,DSL,No internet service,No internet service,No,No internet service,No internet service,No internet service,ONE YEAR,No,Credit card,43.96,2594.58, No 
CUST-7247,MALE,0,No,No,65,Yes,Yes,Fiber optic,No internet service,No,No,No internet service,No internet service,No,Month to month,No,Bank transfer,73.48,4780.5,No
CUST-7821, Female ,0,Yes,No,11,Yes,No phone service,DSL,No,No internet service,No,No,No internet service,Yes,MONTH-TO-MONTH,Yes,Mailed check,53.17,576.6,No
CUST-7840, Male,0,Yes,Yes,23,Yes,No phone service,No,No internet service,No internet service,No internet service,No internet service,No internet service,No internet service,month-to-month,Yes,Bank transfer,30.93,717.9,no
CUST-8316,MALE,1,Yes,No,17,Yes,No,Fiber optic,No internet service,No,Yes,Yes,No,Yes,Month to month,Yes,Electronic check,90.04,1533.03,no
CUST-7581,Male,0,No,Yes,42,Yes,Yes,Fiber optic,No,No internet service,No internet service,No,No,No,One year,Yes,Electronic check,70.33,2961.14, No 
CUST-7799,Female,0,No,Yes,24,Yes,No phone service,Fiber optic,No,Yes,Yes,No internet service,No,No internet service,Month to month,No,Mailed check,87.68,2109.95,no
CUST-7948,FEMALE,0,No,No,58,Yes,No,DSL,No internet service,No,No,Yes,No,No internet service,month-to-month,Yes,Bank transfer,57.27,3323.28,No
CUST-7411,Female,1,Yes,Yes,8,Yes,No,Fiber optic,No,Yes,Yes,Yes,No,No internet service,two year,No,Electronic check,83.51,662.02,YES
CUST-7266, Male,0,Yes,Yes,46,No,No phone service,DSL,Yes,Yes,Yes,No internet service,No,No internet service,One year,Yes,Electronic check,59.09,2709.37,NO
CUST-7414,FEMALE,1,Yes,Yes,59,Yes,Yes,DSL,No,No,Yes,Yes,Yes,Yes,Month-to-month,Yes,Credit card,79.85,4711.79,no
CUST-7978,Female,0,No,No,43,Yes,Yes,Fiber optic,No,No internet service,No internet service,No,No internet service,No,month-to-month,No,Credit card,70.83,3043.55,no
CUST-7577,male,0,No,Yes,50,Yes,Yes,Fiber optic,No,No internet service,No internet service,Yes,No,Yes,MONTH-TO-MONTH,No,Mailed check,95.56,4786.02,no
CUST-7585,MALE,1,Yes,Yes,60,Yes,No phone service,Fiber optic,No internet service,No,No,No internet service,No,No internet service,Month to month,No,Mailed check,71.68,4298.31,NO
CUST-7194,Femal,0,No,No,7,Yes,Yes,Fiber optic,No internet service,No,No,No,Yes,No,ONE YEAR,Yes,,94.74,658.77,yes
CUST-8168,male,0,No,Yes,34,Yes,No phone service,Fiber optic,No,No internet service,Yes,No,No internet service,Yes,TWO YEAR,No,Bank transfer,91.08,3105.04,Yes
CUST-8166,FEMALE,0,No,Yes,41,Yes,No,Fiber optic,No,Yes,No internet service,No internet service,Yes,Yes,one year,Yes,Mailed check,83.39,3411.12,no
CUST-7232,male,0,Yes,Yes,26,Yes,No,DSL,No internet service,No,No internet service,Yes,No,No internet service,MONTH-TO-MONTH,Yes,Bank transfer,60.25,1559.81, No 
CUST-7807, Female ,0,Yes,Yes,17,Yes,Yes,No,No internet service,No internet service,No internet service,No internet service,No internet service,No internet service,2 year,No,Electronic check,32.11,550.78,no
CUST-7574,Male,0,Yes,No,32,Yes,Yes,Fiber optic,No internet service,No,Yes,No,Yes,No,month-to-month,Yes,Electronic check,81.28,2604.41,no
CUST-7204,MALE,1,Yes,Yes,30,Yes,Yes,No,No internet service,No internet service,No internet service,No internet service,No internet service,No internet service,Month to month,No,Electronic check,29.12,867.18, Yes
CUST-7121,female,0,No,Yes,42,No,No phone service,Fiber optic,No,Yes,Yes,No internet service,No internet service,Yes,MONTH-TO-MONTH,Yes,Bank transfer,85.54,3597.05,Yes
CUST-8158, Male,0,Yes,No,37,Yes,Yes,Fiber optic,No internet service,Yes,No,No,No,No internet service,month-to-month,Yes,Mailed check,81.66,3016.16, Yes
CUST-7669,Male,0,Yes,Yes,59,Yes,No,DSL,Yes,Yes,No,Yes,Yes,No,ONE YEAR,No,Bank transfer,76.54,4510.4,no
CUST-7264,MALE,0,No,No,57,Yes,No,Fiber optic,No,Yes,No,No,No internet service,No,MONTH-TO-MONTH,No,Mailed check,84.85,4828.28,NO
CUST-8292, Male,0,No,Yes,7,Yes,No,Fiber optic,Yes,No internet service,No,Yes,Yes,Yes,MONTH-TO-MONTH,No,Electronic check,105.44,733.49,YES
CUST-7687,Male,0,Yes,Yes,47,Yes,No,No,No internet service,No internet service,No internet service,No internet service,No internet service,No internet service,One year,No,Bank transfer,34.89,1648.32,no
CUST-7065,male,0,No,No,1,Yes,No phone service,Fiber optic,No internet service,No,No,No internet service,No internet service,No,MONTH-TO-MONTH,Yes,Bank transfer,79.17,80.44, Yes
CUST-8300,FEMALE,0,No,Yes,-55,Yes,No phone service,DSL,Yes,Yes,No,No,Yes,No internet service,one year,No,Bank transfer,75.02,4127.74,Yes
CUST-7766,Female,0,Yes,No,45,No,No phone service,No,No internet service,No internet service,No internet service,No internet service,No internet service,No internet service,MONTH-TO-MONTH,No,Credit card,$20.0,891.24,no
CUST-7746, Male,0,No,Yes,48,Yes,No phone service,DSL,No,No,No,No internet service,No internet service,No internet service,One year,No,Bank transfer,55.65,2677.35,No
CUST-7706,Femal,0,No,Yes,51,Yes,Yes,DSL,Yes,Yes,Yes,Yes,No internet service,No,two year,Yes,Mailed check,83.97,4290.94,No
CUST-7107,Female,0,Yes,No,33,Yes,No,Fiber optic,Yes,No internet service,No,Yes,No,Yes,Two year,No,Bank transfer,95.88,3170.86,NO
CUST-8053,female,0,Yes,No,60,Yes,No phone service,No,No internet service,No internet service,No internet service,No internet service,No internet service,No internet service,MONTH-TO-MONTH,No,Mailed check,33.27,2003.61,No
CUST-7290,FEMALE,0,No,No,3,Yes,No,Fiber optic,Yes,No,Yes,No,No,Yes,Month-to-month,No,Mailed check,100.93,299.88, Yes
CUST-7373,Male,0,Yes,No,9,Yes,Yes,Fiber optic,No,Yes,No internet service,Yes,No internet service,Yes,one year,Yes,Credit card,101.63,906.08,NO
CUST-7221,FEMALE,0,Yes,No,10,Yes,No,Fiber optic,Yes,Yes,No,No internet service,No,Yes,Month-to-month,No,Bank transfer,84.1,843.07,no
CUST-7586,MALE,0,No,Yes,7,Yes,No phone service,Fiber optic,Yes,No,Yes,No internet service,No internet service,Yes,month-to-month,No,Electronic check,79.23,555.29,yes
CUST-7339,female,0,No,Yes,20,No,No phone service,DSL,No,No internet service,No internet service,No internet service,No internet service,No,one year,Yes,Credit card,38.11,766.29,no
CUST-7389,FEMALE,0,Yes,No,2,No,No phone service,Fiber optic,Yes,No,No internet service,No,Yes,Yes,month-to-month,Yes,Mailed check,72.03,148.14,YES
CUST-7552,Male,0,No,Yes,40,No,No phone service,DSL,No internet service,No internet service,No internet service,No,No,No internet service,Two year,Yes,Credit card,46.06,1851.26,No
CUST-7170,female,0,Yes,No,0,Yes,No phone service,DSL,No internet service,Yes,Yes,No,No internet service,No internet service,MONTH-TO-MONTH,Yes,Credit card,71.93,0.0,No
CUST-7456,Female,0,No,Yes,71,Yes,No phone service,Fiber optic,Yes,Yes,Yes,No,Yes,No internet service,month-to-month,No,Bank transfer,97.29,6908.56, Yes
CUST-7570,Male,1,Yes,No,60,Yes,No phone service,Fiber optic,No internet service,No,No internet service,No internet service,Yes,Yes,Month-to-month,Yes,Credit card,97.08,5829.3,No
CUST-7898,male,0,No,Yes,54,Yes,No phone service,Fiber optic,No,No internet service,Yes,Yes,No,No internet service,TWO YEAR,No,Bank transfer,87.12,4712.42,no
CUST-8392,Female,0,No,No,49,Yes,Yes,Fiber optic,No internet service,No internet service,No internet service,No,Yes,Yes,One year,No,Mailed check,93.2,4560.52,NO
CUST-7902,Male,1,No,No,44,Yes,No phone service,DSL,No,No,Yes,Yes,No internet service,No internet service,month-to-month,Yes,Credit card,60.01,2648.86,YES
CUST-7464,MALE,1,No,No,7,Yes,No,No,No internet service,No internet service,No internet service,No internet service,No internet service,No internet service,Month to month,Yes,Mailed check,33.93,232.14, No 
CUST-7229, Male,0,Yes,No,58,Yes,No,Fiber optic,No,No internet service,No internet service,Yes,No,No internet service,TWO YEAR,Yes,Mailed check,83.89,4865.57, No 
CUST-7360,female,0,Yes,No,24,Yes,No phone service,DSL,No,No internet service,No,No,No internet service,No internet service,Month to month,No,Electronic check,48.72,1171.45,Yes
CUST-7003, Male,0,Yes,Yes,10,Yes,Yes,Fiber optic,No,Yes,No internet service,No internet service,Yes,No,month-to-month,No,Credit card,74.95,758.92,NO
CUST-7729,Female,0,Yes,Yes,47,Yes,No,No,No internet service,No internet service,No internet service,No internet service,No internet service,No internet service,One year,Yes,Electronic check,32.05,1508.96,No
CUST-7787,Female,1,No,No,56,Yes,No phone service,Fiber optic,No,No internet service,No internet service,Yes,Yes,Yes,MONTH-TO-MONTH,No,Bank transfer,95.23,5325.41,no
CUST-7877,Male,0,Yes,Yes,26,Yes,No,Fiber optic,Yes,Yes,No internet service,Yes,No,No,MONTH-TO-MONTH,Yes,Mailed check,86.2,2240.89, No 
CUST-7377, Male,0,Yes,Yes,41,Yes,No phone service,DSL,No,No internet service,No internet service,No,Yes,No,Month-to-month,No,Mailed check,56.74,2324.91,Yes
CUST-8241,Femal,0,Yes,No,63,Yes,Yes,Fiber optic,Yes,No,No,No internet service,No internet service,No internet service,two year,No,Credit card,84.82,5347.17,No
CUST-7851,female,0,Yes,Yes,12,Yes,No,No,No internet service,No internet service,No internet service,No internet service,No internet service,No internet service,Month to month,Yes,Credit card,26.87,322.44, No 
CUST-7316,MALE,1,No,Yes,27,Yes,Yes,No,No internet service,No internet service,No internet service,No internet service,No internet service,No internet service,Month-to-month,Yes,Electronic check,26.6,717.86,YES
CUST-7148,FEMALE,0,Yes,No,15,Yes,No,Fiber optic,No,Yes,No internet service,No,Yes,No internet service,month-to-month,No,Electronic check,93.75,1405.77, No 
CUST-7293,MALE,0,Yes,Yes,44,Yes,No phone service,Fiber optic,Yes,No,No,No internet service,No,No internet service,month-to-month,Yes,Mailed check,72.58,3188.96,NO
CUST-7160, Male,1,No,Yes,51,Yes,No phone service,Fiber optic,No internet service,No internet service,No internet service,No internet service,No,No internet service,One year,No,Mailed check,70.92,3609.23, Yes
CUST-7509,FEMALE,0,Yes,Yes,72,Yes,No,No,No internet service,No internet service,No internet service,No internet service,No internet service,No internet service,ONE YEAR,Yes,Credit card,28.45,2051.84,No
CUST-7475, Female ,0,No,Yes,48,Yes,No phone service,No,No internet service,No internet service,No internet service,No internet service,No internet service,No internet service,one year,Yes,Mailed check,30.09,1447.15, No 
CUST-7938, Male,0,Yes,No,45,Yes,Yes,Fiber optic,No internet service,No internet service,No,No,No internet service,Yes,Month to month,No,Electronic check,82.85,3721.32, Yes
CUST-7890,Femal,0,Yes,Yes,12,Yes,No,DSL,Yes,No,Yes,No,Yes,No,month-to-month,Yes,Mailed check,68.33,823.98,yes
CUST-8305,male,0,No,Yes,63,Yes,No phone service,Fiber optic,No internet service,No,No internet service,No,Yes,No,MONTH-TO-MONTH,Yes,Credit card,84.17,5310.79,no
CUST-7112, Male,1,No,Yes,3,Yes,No phone service,Fiber optic,No internet service,No internet service,No internet service,No internet service,No,No internet service,Month-to-month,Yes,Mailed check,73.51,222.83,YES
CUST-7777,Female,0,No,Yes,30,No,No phone service,DSL,No,No,Yes,No internet service,No internet service,No,Month-to-month,No,Mailed check,39.59,1197.25,No
CUST-7081, Male,1,Yes,No,0,Yes,No phone service,Fiber optic,No,Yes,No internet service,No internet service,Yes,No,month-to-month,No,Bank transfer,83.53,0.0, Yes
CUST-7603, Female ,0,No,No,65,Yes,No phone service,Fiber optic,Yes,No internet service,Yes,No internet service,Yes,Yes,2 year,No,Mailed check,93.67,6083.57,no
CUST-7144,female,0,Yes,No,47,No,No phone service,No,No internet service,No internet service,No internet service,No internet service,No internet service,No internet service,TWO YEAR,No,Credit card,20.0,930.6,NO
CUST-8188,MALE,0,No,Yes,55,Yes,No phone service,DSL,No internet service,No internet service,Yes,No,Yes,No internet service,Two year,Yes,Credit card,64.14,3532.46, No 
CUST-7633,female,0,Yes,Yes,31,Yes,No phone service,DSL,Yes,No internet service,No internet service,No internet service,No internet service,Yes,MONTH-TO-MONTH,Yes,Electronic check,64.3,1997.77,no
CUST-8197,Male,0,Yes,Yes,12,Yes,No phone service,Fiber optic,No,No internet service,No,No internet service,No internet service,No internet service,ONE YEAR,Yes,Electronic check,79.64,945.16,
CUST-7792,FEMALE,0,Yes,Yes,1,Yes,No phone service,Fiber optic,Yes,No,Yes,No internet service,No internet service,No internet service,Month-to-month,No,Mailed check,91.28,100.24,YES
CUST-7842,male,1,Yes,Yes,69,Yes,Yes,DSL,No internet service,No internet service,Yes,No,No,No internet service,2 year,Yes,Electronic check,59.41,4093.77,NO
CUST-8056,FEMALE,0,No,Yes,12,Yes,No phone service,No,No internet service,No internet service,No internet service,No internet service,No internet service,No internet service,Month to month,No,Credit card,30.66,360.34,No
CUST-7727,FEMALE,1,No,Yes,2,Yes,No,Fiber optic,No internet service,Yes,Yes,Yes,No,No,MONTH-TO-MONTH,No,Credit card,81.09,169.12,yes
CUST-7137,FEMALE,1,Yes,Yes,45,No,No phone service,DSL,No,No internet service,No,No,Yes,Yes,MONTH-TO-MONTH,No,Mailed check,49.61,2234.59,NO
CUST-7597,Femal,1,Yes,Yes,28,Yes,Yes,DSL,No,No internet service,Yes,No,No,No internet service,two year,No,Mailed check,52.97,1475.58,no
CUST-8278,male,0,No,Yes,37,Yes,No,DSL,No,No internet service,No internet service,No,Yes,No internet service,ONE YEAR,No,Credit card,55.38,2043.67,no
CUST-7317,,0,Yes,Yes,2,Yes,Yes,Fiber optic,No internet service,No,No,Yes,Yes,No,MONTH-TO-MONTH,No,Electronic check,88.63,183.33,YES
CUST-8139,female,0,Yes,No,1,Yes,Yes,DSL,No internet service,No internet service,No internet service,No internet service,Yes,No,Month to month,Yes,,66.7,60.25,Yes
CUST-7381,male,0,No,No,48,Yes,No phone service,No,No internet service,No internet service,No internet service,No internet service,No internet service,No internet service,One year,No,Mailed check,27.81,1325.16,No
CUST-7623, Female ,1,Yes,Yes,25,Yes,No,Fiber optic,No,Yes,No,No internet service,No internet service,Yes,Month to month,No,Electronic check,88.63,2213.82,no
CUST-7001,Femal,0,Yes,Yes,58,Yes,Yes,DSL,Yes,No internet service,Yes,No,No,No,One year,Yes,Bank transfer,63.8,3710.35,No
CUST-8282,Male,1,Yes,No,21,No,No phone service,Fiber optic,Yes,No internet service,Yes,No,No internet service,Yes,Month-to-month,No,Credit card,76.67,1614.3,NO
CUST-7778,Male,0,Yes,Yes,5,Yes,Yes,DSL,No,No,No internet service,No,Yes,Yes,ONE YEAR,No,Electronic check,61.43,301.18, No 
CUST-8238,MALE,1,Yes,No,67,No,No phone service,DSL,No,Yes,No,No internet service,No internet service,Yes,Two year,No,Bank transfer,57.01,3817.29,no
CUST-8301, Female ,0,Yes,No,43,Yes,Yes,DSL,No,No,No internet service,No,No,No internet service,Month-to-month,No,Mailed check,60.23,2584.14, Yes
CUST-7927,MALE,0,Yes,Yes,46,Yes,Yes,Fiber optic,Yes,No,No internet service,No internet service,No,No internet service,One year,Yes,Bank transfer,89.86,4128.11, Yes
CUST-8311, Male,0,No,No,19,Yes,No phone service,No,No internet service,No internet service,No internet service,No internet service,No internet service,No internet service,Month-to-month,Yes,Credit card,30.45,580.25,NO
CUST-7740, Male,0,No,No,70,No,No phone service,Fiber optic,No internet service,No internet service,Yes,Yes,No,No internet service,Month-to-month,Yes,Bank transfer,78.49,5488.47,YES
CUST-7711,MALE,0,Yes,Yes,19,Yes,No phone service,DSL,No internet service,No,Yes,Yes,Yes,No,MONTH-TO-MONTH,Yes,Credit card,62.62,1187.69,No
CUST-8121,female,0,Yes,No,61,Yes,No phone service,DSL,No,No internet service,No,No,No internet service,Yes,MONTH-TO-MONTH,Yes,Bank transfer,61.64,3760.52, Yes
CUST-7361, Female ,0,No,Yes,22,Yes,Yes,No,No internet service,No internet service,No internet service,No internet service,No internet service,No internet service,2 year,Yes,Credit card,33.25,737.78,No
CUST-7187, Male,No,No,No,9,Yes,No phone service,DSL,Yes,No,No internet service,No,No internet service,Yes,MONTH-TO-MONTH,Yes,Bank transfer,58.56,522.06,No
CUST-7087, Male,0,No,No,38,Yes,No phone service,Fiber optic,Yes,No,No internet service,No internet service,No,No,Month-to-month,No,Mailed check,81.88,3102.5,YES
CUST-8150,Female,0,No,Yes,35,Yes,Yes,Fiber optic,Yes,Yes,No,No internet service,No internet service,No,month-to-month,Yes,Electronic check,81.64,2853.09, No 
CUST-7881,FEMALE,0,No,Yes,34,Yes,Yes,No,No internet service,No internet service,No internet service,No internet service,No internet service,No internet service,2 year,Yes,Electronic check,27.46,933.22,No
CUST-8154,Male,0,No,No,9,Yes,No,Fiber optic,Yes,Yes,Yes,No,No,No,MONTH-TO-MONTH,No,Bank transfer,87.23,788.23,YES
CUST-7006,male,0,Yes,No,8,No,No phone service,Fiber optic,Yes,No,No,No,Yes,Yes,MONTH-TO-MONTH,No,,70.44,568.18,yes
CUST-7031,FEMALE,0,Yes,Yes,18,Yes,No,Fiber optic,No internet service,No,Yes,No internet service,No internet service,No,two year,Yes,Mailed check,73.61,1331.22,
CUST-8088,FEMALE,0,Yes,No,7,Yes,Yes,DSL,No internet service,No internet service,No,No internet service,No internet service,No internet service,MONTH-TO-MONTH,No,Electronic check,42.46,306.1,No
CUST-7180,Femal,0,Yes,Yes,45,Yes,Yes,DSL,Yes,Yes,No internet service,No internet service,Yes,No internet service,ONE YEAR,No,Credit card,67.98,3063.77,NO
CUST-7424,FEMALE,1,No,Yes,3,Yes,No,DSL,No,No internet service,Yes,No internet service,No,No internet service,Two year,Yes,Electronic check,56.87,167.24, Yes
CUST-7749, Male,0,No,Yes,11,Yes,No,No,No internet service,No internet service,No internet service,No internet service,No internet service,No internet service,2 year,Yes,Electronic check,31.89,350.42,No
CUST-7708,Female,0,No,Yes,22,Yes,No phone service,DSL,No internet service,No internet service,No internet service,Yes,No internet service,No internet service,month-to-month,Yes,Bank transfer,52.86,1156.64,Yes
CUST-7493,Male,0,Yes,Yes,2,Yes,Yes,DSL,No internet service,No internet service,Yes,Yes,No internet service,No,Month to month,No,Bank transfer,53.53,108.86,YES
CUST-7869,female,0,Yes,No,61,Yes,No,Fiber optic,Yes,No internet service,No,Yes,No internet service,No,One year,No,Credit card,85.58,5212.09, No 
CUST-7448,female,0,No,No,60,Yes,No,Fiber optic,No internet service,No internet service,No,Yes,No,No internet service,Two year,Yes,Credit card,80.37,4831.61, Yes
CUST-7374,Female,1,Yes,No,0,Yes,Yes,DSL,Yes,No,Yes,No internet service,Yes,No internet service,month-to-month,No,Mailed check,76.72,0.98, No 
CUST-7186,Female,1,Yes,Yes,15,Yes,No,DSL,No,No internet service,No internet service,No internet service,Yes,No internet service,Month-to-month,Yes,Credit card,53.93,817.43,no
CUST-7216,male,0,Yes,Yes,61,Yes,Yes,Fiber optic,No internet service,No internet service,No internet service,No internet service,No internet service,No internet service,month-to-month,No,Mailed check,72.25,4402.94,no
CUST-7380,Male,0,Yes,Yes,0,Yes,No,Fiber optic,No,Yes,No,No,No internet service,No,two year,Yes,Credit card,88.85,0.0,yes
CUST-8252,male,1,Yes,Yes,4,Yes,No,No,No internet service,No internet service,No internet service,No internet service,No internet service,No internet service,one year,Yes,Electronic check,33.49,130.28,no
CUST-7304,male,0,Yes,No,56,Yes,No,DSL,No,Yes,Yes,No internet service,Yes,Yes,Month-to-month,No,Credit card,73.31,4105.17,NO
CUST-7876,Femal,0,Yes,Yes,54,Yes,No phone service,DSL,No internet service,No,Yes,Yes,No internet service,Yes,TWO YEAR,Yes,Mailed check,72.05,3898.32,NO
CUST-7959, Male,1,Yes,No,33,No,No phone service,DSL,Yes,Yes,No internet service,Yes,Yes,No,Two year,Yes,Credit card,67.53,2235.39,NO
CUST-8020,Femal,No,Yes,No,59,Yes,Yes,Fiber optic,No,No,No,No internet service,No internet service,No,Month-to-month,No,Electronic check,78.86,4643.95,no
CUST-7713,MALE,0,No,Yes,72,Yes,No,Fiber optic,No internet service,No internet service,No,No,Yes,Yes,month-to-month,No,Mailed check,91.3,6582.55,yes
CUST-7674,MALE,0,No,No,18,Yes,No phone service,DSL,No internet service,No internet service,No,Yes,Yes,No internet service,month-to-month,Yes,Mailed check,66.5, ,No
CUST-7378,male,0,No,No,7,Yes,No phone service,DSL,No internet service,No internet service,Yes,Yes,No,Yes,One year,No,Bank transfer,68.4,488.1,NO
CUST-7416,female,0,No,No,34,Yes,Yes,DSL,Yes,No internet service,Yes,No,Yes,Yes,month-to-month,No,Credit card,63.78,2176.71,NO
CUST-7166,Femal,0,Yes,Yes,51,Yes,No phone service,Fiber optic,Yes,No internet service,Yes,No internet service,No,No internet service,Month to month,No,Bank transfer,79.38,4038.84,yes
CUST-7332,Femal,0,No,Yes,10,Yes,Yes,No,No internet service,No internet service,No internet service,No internet service,No internet service,No internet service,one year,No,Bank transfer,30.44,297.37,No
CUST-7086, Male,0,No,No,8,Yes,No,Fiber optic,No internet service,No,No,No,Yes,Yes,Month-to-month,Yes,Credit card,82.56,657.92, Yes
CUST-8029,MALE,0,No,Yes,61,Yes,No,DSL,No,No,Yes,No,No,Yes,TWO YEAR,No,Bank transfer,55.54,3393.77,
CUST-7487,Female,0,No,No,48,Yes,No,Fiber optic,Yes,No internet service,No,No internet service,No internet service,No,month-to-month,Yes,Bank transfer,76.37,3661.38, No 
CUST-7584,Male,0,No,Yes,44,Yes,No phone service,No,No internet service,No internet service,No internet service,No internet service,No internet service,No internet service,Month to month,Yes,Mailed check,34.14,1500.8,No
CUST-7188,Male,0,Yes,,63,Yes,No phone service,Fiber optic,Yes,No,No internet service,No internet service,No internet service,Yes,month-to-month,No,Mailed check,$79.21,4984.69,NO
CUST-7485,male,0,Yes,Yes,24,Yes,Yes,DSL,No internet service,Yes,No,Yes,Yes,Yes,One year,Yes,Electronic check,74.39,1793.28,
CUST-8101,male,0,No,No,47,Yes,No,Fiber optic,Yes,No,No internet service,No internet service,No,No,one year,Yes,Credit card,84.64,3968.2,No
CUST-8036,Female,0,Yes,No,47,Yes,Yes,Fiber optic,Yes,No internet service,No,No,Yes,No internet service,month-to-month,No,Electronic check,79.15,3721.34, Yes
CUST-7838,MALE,0,Yes,Yes,31,Yes,Yes,Fiber optic,No internet service,Yes,No,Yes,No internet service,No internet service,Month to month,No,Credit card,85.17,2638.53,no
CUST-7612,MALE,0,Yes,No,63,Yes,No,Fiber optic,No,No internet service,Yes,No internet service,No internet service,No,Month to month,No,Credit card,89.05,5601.26,NO
CUST-7402,Femal,0,Yes,Yes,41,Yes,No phone service,No,No internet service,No internet service,No internet service,No internet service,No internet service,No internet service,Month-to-month,No,Electronic check,27.14,1111.88,yes
CUST-7263, Female ,0,No,No,62,Yes,No,Fiber optic,Yes,Yes,No internet service,Yes,No,Yes,2 year,Yes,Electronic check,98.92,6130.35,no
CUST-8055,Male,0,Yes,No,28,Yes,Yes,DSL,Yes,No,No internet service,Yes,No,No internet service,MONTH-TO-MONTH,Yes,Electronic check,66.23,1858.35, No 
CUST-7614,female,1,Yes,Yes,33,Yes,No phone service,Fiber optic,Yes,Yes,Yes,No internet service,No internet service,No,2 year,Yes,Credit card,103.38,3418.94,YES
CUST-8140, Male,0,,No,59,Yes,Yes,Fiber optic,No internet service,No internet service,Yes,Yes,No internet service,Yes,MONTH-TO-MONTH,No,Mailed check,86.71,5116.4, No 
CUST-7123,FEMALE,0,No,No,23,Yes,Yes,DSL,Yes,No,No internet service,No internet service,Yes,No,Month to month,Yes,Credit card,65.42,1506.17,no
CUST-7587,Femal,1,No,Yes,60,Yes,No phone service,Fiber optic,No,No,No,No,No internet service,Yes,Month to month,Yes,Bank transfer,66.93,4025.62, No 
CUST-7243,female,0,Yes,No,39,Yes,No,Fiber optic,No,Yes,No internet service,No,No internet service,No internet service,two year,Yes,Credit card,84.13,3286.8, Yes
CUST-7611,FEMALE,0,Yes,Yes,38,Yes,No,Fiber optic,No,No internet service,Yes,Yes,Yes,No,Month-to-month,No,Mailed check,81.0,3078.19,yes
CUST-7626,male,0,No,Yes,37,No,No phone service,DSL,Yes,No,No,No,No internet service,No internet service,Month to month,Yes,Electronic check,49.19,1819.67, Yes
CUST-7726,MALE,0,No,Yes,36,Yes,Yes,DSL,No,No,No internet service,Yes,No internet service,No,month-to-month,Yes,Credit card,109.56,1855.41,no
CUST-8122,Female,0,Yes,No,16,Yes,No,No,No internet service,No internet service,No internet service,No internet service,No internet service,No internet service,TWO YEAR,No,Electronic check,28.95,457.03, No 
CUST-7548, Female ,0,No,No,2,Yes,Yes,Fiber optic,Yes,No internet service,Yes,No internet service,No internet service,No internet service,Two year,Yes,Credit card,99.32,202.44,yes
CUST-7269,Male,0,Yes,No,47,Yes,Yes,No,No internet service,No internet service,No internet service,No internet service,No internet service,No internet service,one year,No,Bank transfer,26.88,1266.08,NO
CUST-8106,MALE,0,Yes,Yes,15,Yes,Yes,Fiber optic,Yes,No,No internet service,Yes,No,Yes,month-to-month,No,Electronic check,89.09,1334.75,yes
CUST-7733,MALE,0,Yes,No,5,Yes,No,Fiber optic,No internet service,Yes,Yes,No,Yes,Yes,MONTH-TO-MONTH,No,Mailed check,88.28,435.67,yes
CUST-7057, Female ,0,Yes,No,2,Yes,No phone service,No,No internet service,No internet service,No internet service,No internet service,No internet service,No internet service,month-to-month,Yes,Electronic check,34.98,76.74, Yes
CUST-7249,FEMALE,0,Yes,No,33,Yes,No phone service,Fiber optic,No internet service,No,No internet service,No internet service,No internet service,No,MONTH-TO-MONTH,Yes,Credit card,66.16,2186.9,YES
CUST-7028,Femal,0,No,No,29,Yes,Yes,No,No internet service,No internet service,No internet service,No internet service,No internet service,No internet service,month-to-month,No,Credit card,32.47,939.43,yes
CUST-7806,female,0,No,No,71,Yes,No phone service,DSL,Yes,Yes,Yes,No,No internet service,No internet service,TWO YEAR,Yes,Credit card,73.8,5248.66,NO
CUST-7019, Male,0,Yes,Yes,7,Yes,No,No,No internet service,No internet service,No internet service,No internet service,No internet service,No internet service,Month-to-month,Yes,Credit card,25.78,172.39, Yes
CUST-8013, Male,0,Yes,No,46,Yes,No phone service,DSL,No,No internet service,No,Yes,No,Yes,Month-to-month,Yes,Mailed check,66.85,3070.96,NO
CUST-8378, Male,1,Yes,Yes,26,Yes,No phone service,No,No internet service,No internet service,No internet service,No internet service,No internet service,No internet service,Two year,Yes,Mailed check,27.73,730.39,no
CUST-7833,FEMALE,0,No,Yes,37,Yes,No phone service,No,No internet service,No internet service,No internet service,No internet service,No internet service,No internet service,One year,Yes,Electronic check,29.87,1114.61,no
CUST-8235,,0,Yes,Yes,27,No,No phone service,DSL,No,No,No,No internet service,No,No,two year,Yes,Credit card,40.25,1077.27, No 
CUST-7822, Female ,1,Yes,Yes,8,Yes,No phone service,No,No internet service,No internet service,No internet service,No internet service,No internet service,No internet service,Month-to-month,Yes,Mailed check,33.2,275.39, No 
CUST-7211,FEMALE,0,No,Yes,3,Yes,Yes,Fiber optic,No,No internet service,No internet service,No,No,No,Month-to-month,Yes,Electronic check,70.84,214.05,YES
CUST-7675,MALE,0,,,55,No,No phone service,Fiber optic,Yes,No internet service,No internet service,No internet service,No,Yes,Month-to-month,No,Bank transfer,83.41,4590.75,no
CUST-7350, Female ,0,Yes,Yes,51,Yes,Yes,Fiber optic,Yes,Yes,Yes,No,No,Yes,Month-to-month,Yes,Electronic check,94.52,4814.27, No 
CUST-7816,male,0,Yes,No,36,Yes,Yes,Fiber optic,No,Yes,Yes,No,No,No internet service,TWO YEAR,Yes,Credit card,88.81,3190.05,NO
CUST-8314,male,0,Yes,Yes,10,Yes,No phone service,Fiber optic,Yes,Yes,No,No internet service,No internet service,No internet service,month-to-month,Yes,Electronic check,91.55,912.89,Yes
CUST-7051, Male,1,Yes,Yes,0,Yes,No phone service,DSL,No internet service,Yes,Yes,No,Yes,Yes,Month-to-month,Yes,Mailed check,79.78,-0.0,YES
CUST-8078,Male,0,Yes,No,31,No,No phone service,DSL,No internet service,Yes,Yes,No,No,No internet service,month-to-month,Yes,Electronic check,61.12,1899.59,YES
CUST-8322,female,1,No,Yes,36,Yes,No,DSL,No,No,Yes,No internet service,No,Yes,Month-to-month,No,Bank transfer,69.02,2476.0,No
CUST-7554,MALE,0,Yes,No,17,Yes,No,DSL,No,No,Yes,No,Yes,No,month-to-month,Yes,Mailed check,62.44,1056.17,No
CUST-7058,FEMALE,0,Yes,No,21,Yes,Yes,DSL,No internet service,No internet service,Yes,Yes,Yes,No,Month to month,Yes,Bank transfer,68.68,1442.98,no
CUST-7458,FEMALE,0,No,Yes,17,Yes,No phone service,No,No internet service,No internet service,No internet service,No internet service,No internet service,No internet service,two year,Yes,Credit card,25.58,436.67,No
CUST-7048,Male,0,Yes,Yes,62,Yes,No,DSL,Yes,No internet service,No,Yes,No,Yes,Month to month,No,Mailed check,65.08,4031.12, No 
CUST-8027, Male,0,Yes,Yes,61,Yes,Yes,Fiber optic,No,No internet service,No,No internet service,No internet service,Yes,Two year,No,Mailed check,80.41,4913.47, Yes
CUST-7042,female,0,No,Yes,39,Yes,No phone service,No,No internet service,No internet service,No internet service,No internet service,No internet service,No internet service,MONTH-TO-MONTH,Yes,Mailed check,34.87,1360.25,no
CUST-8315,Female,0,Yes,Yes,28,Yes,No phone service,DSL,No,Yes,Yes,Yes,Yes,No,ONE YEAR,Yes,Mailed check,78.69,2207.33,
CUST-7328, Male,0,Yes,No,58,Yes,Yes,DSL,No internet service,Yes,No,No,No,No,Month-to-month,No,Bank transfer,60.76,3530.65,YES
CUST-7923,Femal,0,Yes,Yes,0,Yes,No,DSL,No internet service,No internet service,Yes,Yes,No internet service,Yes,One year,No,Credit card,68.77,6.21,No
CUST-7126, Female ,1,Yes,Yes,8,Yes,Yes,Fiber optic,Yes,No,No,Yes,No internet service,No internet service,month-to-month,No,,93.61,739.56,no
CUST-7620,Male,0,Yes,Yes,7,Yes,No,DSL,No internet service,No,No,No,No,No,ONE YEAR,No,Mailed check,51.69,353.14,no
CUST-7312,male,0,Yes,No,16,Yes,No,DSL,No internet service,No internet service,No,No internet service,No internet service,No,ONE YEAR,No,Credit card,56.94,920.41,Yes
CUST-7565, Male,0,Yes,No,2,Yes,No phone service,DSL,Yes,No internet service,No internet service,No,No internet service,Yes,MONTH-TO-MONTH,Yes,Bank transfer,71.24,135.11,no
CUST-8312,male,1,Yes,Yes,2,Yes,No,No,No internet service,No internet service,No internet service,No internet service,No internet service,No internet service,month-to-month,Yes,Mailed check,34.25, ,yes
CUST-8384, Female ,0,No,No,38,Yes,Yes,Fiber optic,Yes,Yes,No,Yes,No internet service,No,one year,No,Bank transfer,96.85,3680.32,NO
CUST-7301,FEMALE,0,Yes,Yes,47,Yes,Yes,DSL,No,Yes,No,No,Yes,No,Month to month,No,Credit card,63.7,3002.5,Yes
CUST-7951,male,0,No,No,4,Yes,Yes,No,No internet service,No internet service,No internet service,No internet service,No internet service,No internet service,One year,Yes,Credit card,30.01,118.36,NO
CUST-7119,Femal,0,Yes,Yes,13,Yes,No phone service,Fiber optic,Yes,No,No internet service,No,Yes,No,ONE YEAR,Yes,Bank transfer,85.08, ,no
CUST-7287,MALE,0,Yes,Yes,55,Yes,Yes,Fiber optic,No internet service,No,No internet service,No,No internet service,No,month-to-month,Yes,Mailed check,74.47,4086.73,no
CUST-7504,female,0,Yes,Yes,53,Yes,No,No,No internet service,No internet service,No internet service,No internet service,No internet service,No internet service,Month to month,Yes,Credit card,30.4,1621.07,NO
CUST-7595,male,1,No,No,25,Yes,Yes,DSL,Yes,Yes,No internet service,Yes,Yes,No internet service,one year,No,Mailed check,64.01,1591.41, No 
CUST-7502,male,1,Yes,No,33,Yes,No phone service,Fiber optic,Yes,Yes,No internet service,No internet service,Yes,No internet service,Month-to-month,Yes,Electronic check,87.44,2885.86,yes
CUST-8385,male,0,No,Yes,2,Yes,No,Fiber optic,Yes,No,Yes,No internet service,No internet service,Yes,Month-to-month,No,Bank transfer,81.12,155.64, Yes
CUST-7759,Male,0,Yes,No,66,Yes,Yes,DSL,No,No,No internet service,No,No internet service,No internet service,2 year,Yes,Mailed check,61.4,4058.28, No 
CUST-7030,MALE,0,Yes,No,29,Yes,No,DSL,Yes,Yes,No,No internet service,No internet service,No,Month-to-month,No,Credit card,72.99,2115.47,NO
CUST-7296,male,0,Yes,Yes,9,Yes,No,DSL,Yes,No internet service,No internet service,No,No internet service,Yes,Month-to-month,Yes,Bank transfer,59.35,530.73,yes
CUST-7349,male,0,Yes,No,39,Yes,No phone service,Fiber optic,Yes,Yes,No internet service,No internet service,No internet service,Yes,ONE YEAR,No,Mailed check,94.61,3699.44,NO
CUST-7201,FEMALE,0,Yes,No,6,No,No phone service,Fiber optic,No internet service,No internet service,Yes,No internet service,Yes,No,TWO YEAR,No,Mailed check,81.05,479.74, No 
CUST-7324,MALE,0,No,No,53,Yes,No,No,No internet service,No internet service,No internet service,No internet service,No internet service,No internet service,Month-to-month,Yes,Bank transfer,27.42,1451.47,Yes
CUST-7064,male,0,No,No,19,Yes,No phone service,Fiber optic,No,Yes,No internet service,Yes,No,No,ONE YEAR,Yes,Electronic check,99.94,1905.84, No 
CUST-7790, Female ,0,Yes,Yes,68,Yes,No phone service,Fiber optic,No internet service,Yes,No,No,No,Yes,one year,No,Electronic check,86.16,5858.46,no
CUST-7178,female,1,Yes,No,55,Yes,No phone service,DSL,Yes,No internet service,No internet service,Yes,Yes,Yes,month-to-month,No,Bank transfer,71.33,3924.76,yes
CUST-7667,MALE,0,Yes,Yes,25,Yes,No phone service,Fiber optic,No,No internet service,No,No internet service,No internet service,No internet service,MONTH-TO-MONTH,Yes,Bank transfer,74.57,1857.09,YES
CUST-7228,Female,1,No,No,53,Yes,No,DSL,No internet service,Yes,No,No internet service,Yes,Yes,TWO YEAR,Yes,Credit card,72.55,3854.62,NO
CUST-8196,male,0,No,Yes,31,Yes,No,Fiber optic,Yes,No,No,Yes,No,No internet service,one year,No,Credit card,88.9,2764.82, No 
CUST-7080, Male,0,No,Yes,18,Yes,No phone service,Fiber optic,No,No,No internet service,No internet service,Yes,No internet service,One year,No,Bank transfer,75.86,1363.89,No
CUST-8371,Male,0,Yes,No,47,Yes,No,No,No internet service,No internet service,No internet service,No internet service,No internet service,No internet service,month-to-month,Yes,Mailed check,29.27,1384.76,yes
CUST-7478,Femal,0,Yes,No,15,Yes,No,DSL,No,No internet service,Yes,Yes,No internet service,No,MONTH-TO-MONTH,No,Credit card,66.31,996.78,No
CUST-8362,Male,0,No,Yes,42,Yes,No,No,No internet service,No internet service,No internet service,No internet service,No internet service,No internet service,two year,Yes,Electronic check,25.92,1089.7, No 
CUST-8119, Female ,0,Yes,Yes,2,Yes,Yes,Fiber optic,No internet service,No,No internet service,No,No internet service,No,TWO YEAR,No,Mailed check,74.6,139.34,yes
CUST-8022,Male,0,Yes,Yes,9,Yes,Yes,No,No internet service,No internet service,No internet service,No internet service,No internet service,No internet service,Month to month,No,Mailed check,33.36,298.79,NO
CUST-7800,Male,0,No,Yes,56,Yes,No,DSL,No,No internet service,No internet service,No internet service,No internet service,No,2 year,Yes,Credit card,51.56,2887.52,No
CUST-7593,male,0,No,Yes,1,Yes,Yes,DSL,Yes,Yes,Yes,No internet service,No internet service,Yes,2 year,Yes,Bank transfer,80.64,88.45,yes
CUST-7995, Male,0,No,No,6,Yes,Yes,DSL,Yes,Yes,Yes,No,No internet service,Yes,Month to month,Yes,Mailed check,69.3, , Yes
CUST-7522,Femal,1,No,No,31,Yes,Yes,Fiber optic,No,Yes,No,Yes,No,No internet service,two year,Yes,Electronic check,93.95,2912.98, No 
CUST-7209, Male,1,No,No,65,Yes,Yes,DSL,Yes,No internet service,Yes,Yes,No internet service,No,Two year,No,Credit card,65.98,4279.27,No
CUST-7893,MALE,0,Yes,Yes,8,Yes,No phone service,DSL,No internet service,Yes,No internet service,Yes,No internet service,No internet service,Month to month,No,Mailed check,54.87,446.58,YES
CUST-7097,MALE,0,Yes,No,67,No,No phone service,No,No internet service,No internet service,No internet service,No internet service,No internet service,No internet service,2 year,Yes,Credit card,20.0,1345.91,NO
CUST-8002, Female ,0,Yes,No,50,Yes,No,Fiber optic,No internet service,Yes,Yes,No internet service,No internet service,No,Month to month,No,Bank transfer,76.19,3815.59,no
CUST-8263,Male,0,Yes,No,31,No,No phone service,No,No internet service,No internet service,No internet service,No internet service,No internet service,No internet service,2 year,No,Credit card,20.0,624.78,NO
CUST-7758,MALE,0,Yes,No,6,No,No phone service,DSL,No internet service,Yes,Yes,Yes,No internet service,Yes,Month to month,Yes,Electronic check,61.62,362.47,Yes
CUST-7885,female,1,Yes,No,34,Yes,No,Fiber optic,Yes,No internet service,No,Yes,Yes,No internet service,month-to-month,No,Mailed check,96.86,3284.0,No
CUST-8252,male,1,Yes,Yes,4,Yes,No,No,No internet service,No internet service,No internet service,No internet service,No internet service,No internet service,one year,Yes,Electronic check,33.49,130.28,no
CUST-7602,Male,0,Yes,No,9,Yes,Yes,No,No internet service,No internet service,No internet service,No internet service,No internet service,No internet service,MONTH-TO-MONTH,Yes,Electronic check,25.14,233.97,No
CUST-8083, Female ,1,No,No,28,No,No phone service,No,No internet service,No internet service,No internet service,No internet service,No internet service,No internet service,Month-to-month,Yes,Electronic check,20.0,554.9,Yes
CUST-7796,Female,0,Yes,No,37,Yes,No phone service,No,No internet service,No internet service,No internet service,No internet service,No internet service,No internet service,Month to month,No,Credit card,27.04,1007.11,yes
CUST-8310, Male,0,No,No,1,Yes,Yes,Fiber optic,No internet service,Yes,No,Yes,No,No,Two year,Yes,Credit card,82.21,91.63, No 
CUST-7962,Male,0,Yes,Yes,2,Yes,Yes,No,No internet service,No internet service,No internet service,No internet service,No internet service,No internet service,One year,No,Credit card,29.31,50.98,NO
CUST-8000,male,0,No,No,17,Yes,No phone service,DSL,Yes,Yes,No,Yes,Yes,Yes,One year,No,Bank transfer,75.49,1283.01,NO
CUST-7606,Femal,0,Yes,No,40,Yes,Yes,Fiber optic,Yes,No internet service,No,No internet service,Yes,No internet service,Month to month,No,Credit card,85.3,3408.84, Yes
CUST-7578,Female,0,No,Yes,57,Yes,Yes,DSL,No,Yes,No internet service,No internet service,No,Yes,One year,Yes,Credit card,64.95,3699.31,No
CUST-8073,FEMALE,1,Yes,Yes,70,Yes,No,DSL,No internet service,No,No internet service,No,Yes,Yes,MONTH-TO-MONTH,Yes,Credit card,71.44,4997.47,no
CUST-7750,Female,0,Yes,No,46,Yes,No,DSL,No internet service,Yes,Yes,No internet service,No internet service,Yes,2 year,No,Bank transfer,63.19,2913.63,NO
CUST-7712,Male,0,Yes,No,20,Yes,Yes,DSL,Yes,No,No,No,No,Yes,MONTH-TO-MONTH,Yes,Bank transfer,66.24,1326.39,no
CUST-7335, Male,0,Yes,Yes,4,Yes,Yes,DSL,No internet service,No,No,No,No internet service,No,MONTH-TO-MONTH,No,Credit card,45.39,184.69, Yes
CUST-7132,Male,0,No,No,9,No,No phone service,DSL,No internet service,No internet service,Yes,No internet service,No,No,One year,Yes,Credit card,52.8,477.31,NO
CUST-7863,Female,0,No,Yes,59,Yes,No phone service,DSL,No,No,No,No internet service,No internet service,No,ONE YEAR,No,Credit card,43.01,2529.12, No 
CUST-7353,MALE,0,Yes,Yes,50,Yes,Yes,No,No internet service,No internet service,No internet service,No internet service,No internet service,No internet service,ONE YEAR,No,Bank transfer,27.07,1348.18, Yes
CUST-7072,Femal,0,No,Yes,64,Yes,Yes,DSL,Yes,No internet service,Yes,Yes,Yes,No internet service,MONTH-TO-MONTH,Yes,Mailed check,63.65,4064.64,yes
CUST-8070,Female,0,No,Yes,56,Yes,Yes,Fiber optic,Yes,Yes,No internet service,Yes,No internet service,No,MONTH-TO-MONTH,Yes,Mailed check,94.65,5309.29,YES
CUST-7143,MALE,0,Yes,No,20,Yes,Yes,No,No internet service,No internet service,No internet service,No internet service,No internet service,No internet service,Month to month,Yes,Mailed check,34.8,696.62,NO
CUST-7997,FEMALE,0,Yes,No,4,Yes,No,Fiber optic,No internet service,Yes,No internet service,Yes,Yes,Yes,2 year,Yes,Credit card,103.46,420.67,No
CUST-7320,Femal,0,No,No,38,Yes,Yes,No,No internet service,No internet service,No internet service,No internet service,No internet service,No internet service,MONTH-TO-MONTH,Yes,Electronic check,30.68,1157.07,No
CUST-7751,FEMALE,0,Yes,No,63,Yes,Yes,DSL,Yes,No,No,No internet service,No internet service,No internet service,One year,Yes,Mailed check,67.14,4226.34,no
CUST-8343,Male,0,Yes,No,56,Yes,Yes,Fiber optic,No internet service,No,No internet service,No internet service,Yes,No internet service,Month to month,No,Electronic check,82.23,4595.27,YES
CUST-8141,male,0,Yes,Yes,35,Yes,No,No,No internet service,No internet service,No internet service,No internet service,No internet service,No internet service,ONE YEAR,Yes,Electronic check,26.37,913.75,NO
CUST-8011, Male,0,Yes,Yes,17,Yes,No,Fiber optic,No,No,No,Yes,Yes,No internet service,ONE YEAR,Yes,Electronic check,74.82,1267.57, No 
CUST-7314, Female ,1,Yes,No,4,Yes,No phone service,Fiber optic,No,No internet service,Yes,No,No internet service,Yes,MONTH-TO-MONTH,Yes,Electronic check,86.57,356.28,Yes
CUST-7596,MALE,1,Yes,No,11,Yes,No phone service,Fiber optic,Yes,Yes,No,Yes,No,No,Month-to-month,No,Mailed check,96.19,1048.52,no
CUST-7954,Male,0,No,No,0,Yes,Yes,No,No internet service,No internet service,No internet service,No internet service,No internet service,No internet service,Month-to-month,No,Electronic check,26.45,0.0,Yes
CUST-7911, Male,0,Yes,Yes,7,Yes,No phone service,DSL,No internet service,Yes,Yes,Yes,Yes,Yes,month-to-month,Yes,Mailed check,73.68,515.98,No
CUST-7903,male,0,No,Yes,68,Yes,No phone service,No,No internet service,No internet service,No internet service,No internet service,No internet service,No internet service,Month-to-month,No,Mailed check,33.57,2280.9,NO
CUST-7745,Femal,1,Yes,Yes,39,Yes,No phone service,DSL,No internet service,Yes,Yes,Yes,No,No,One year,Yes,Bank transfer,69.01,2698.32,No
CUST-7477, Male,0,Yes,Yes,8,Yes,Yes,DSL,No,Yes,Yes,Yes,No,No internet service,Month to month,No,Credit card,$61.49,497.57,no
CUST-7208,Female,0,Yes,No,30,No,No phone service,Fiber optic,No,Yes,No internet service,No,No internet service,No,TWO YEAR,No,Credit card,77.3,2309.57,no
CUST-7685,MALE,0,No,Yes,12,Yes,No phone service,DSL,No,Yes,No,No,No internet service,No internet service,TWO YEAR,Yes,Credit card,54.88,664.76,NO
CUST-7975,MALE,0,No,No,45,Yes,Yes,Fiber optic,Yes,No,Yes,Yes,No,Yes,Two year,Yes,Credit card,89.94,4054.2,NO
CUST-8251,male,0,No,No,64,Yes,Yes,Fiber optic,No internet service,No internet service,No,Yes,No internet service,No internet service,month-to-month,Yes,Bank transfer,82.14,5261.86,YES
CUST-8293, Female ,0,Yes,Yes,39,Yes,No,DSL,No internet service,No,No,No,Yes,No,Two year,Yes,Mailed check,51.84,2013.41,Yes
CUST-7679,MALE,0,No,No,19,Yes,No,No,No internet service,No internet service,No internet service,No internet service,No internet service,No internet service,Month to month,No,Credit card,32.86,615.71, Yes
CUST-7154,female,0,Yes,No,22,Yes,No,No,No internet service,No internet service,No internet service,No internet service,No internet service,No internet service,MONTH-TO-MONTH,Yes,Credit card,31.74,694.99, No 
CUST-7725,male,0,No,Yes,2,Yes,Yes,No,No internet service,No internet service,No internet service,No internet service,No internet service,No internet service,month-to-month,No,Bank transfer,27.11,51.25, No 
CUST-7175,Male,0,Yes,No,28,Yes,Yes,No,No internet service,No internet service,No internet service,No internet service,No internet service,No internet service,Month to month,Yes,Electronic check,30.7,857.76, Yes
CUST-7007,,0,No,No,69,Yes,No phone service,DSL,Yes,No internet service,No,No,Yes,Yes,MONTH-TO-MONTH,Yes,Mailed check,79.74,5509.48,No
CUST-8257,Femal,0,No,No,9,No,No phone service,DSL,No internet service,No internet service,Yes,No internet service,No internet service,No internet service,Month-to-month,Yes,Mailed check,49.03,445.69,
CUST-8302, Male,0,,Yes,41,Yes,No,Fiber optic,Yes,No internet service,No,No,Yes,Yes,month-to-month,Yes,Bank transfer,82.94,3396.94, No 
CUST-7760,MALE,0,Yes,No,10,Yes,No,Fiber optic,No,No internet service,Yes,No,Yes,No internet service,Month-to-month,Yes,Credit card,91.84,909.38,YES
CUST-7152,FEMALE,0,Yes,No,1,Yes,Yes,Fiber optic,No,Yes,No,No internet service,No,No internet service,two year,No,Mailed check,86.13,94.21,YES
CUST-7515,MALE,0,Yes,Yes,40,Yes,No phone service,Fiber optic,Yes,No internet service,Yes,Yes,No,No,2 year,Yes,Mailed check,98.54,3945.9,no
CUST-7957,Femal,0,Yes,Yes,45,Yes,No,Fiber optic,No,Yes,No,Yes,No internet service,No,Month to month,Yes,Credit card,90.95,4098.0, Yes
CUST-8031,MALE,0,No,Yes,22,Yes,No,No,No internet service,No internet service,No internet service,No internet service,No internet service,No internet service,One year,Yes,Mailed check,34.08,756.02,no
CUST-7238,Femal,0,No,Yes,52,No,No phone service,No,No internet service,No internet service,No internet service,No internet service,No internet service,No internet service,Month-to-month,No,Electronic check,20.0,1046.96,YES
CUST-7359, Female ,0,No,Yes,19,Yes,No,Fiber optic,No internet service,Yes,No,Yes,Yes,No,MONTH-TO-MONTH,No,Electronic check,94.04,1776.82, Yes
CUST-7078,male,0,Yes,No,1,Yes,No,No,No internet service,No internet service,No internet service,No internet service,No internet service,No internet service,one year,No,Mailed check,25.08, ,YES
CUST-7227,female,0,Yes,,48,Yes,No,DSL,No internet service,No internet service,Yes,No internet service,Yes,No,Month to month,No,Mailed check,75.28,3615.69,yes
CUST-7562,Male,0,No,No,16,Yes,Yes,Fiber optic,Yes,No internet service,Yes,Yes,No internet service,No internet service,month-to-month,No,Mailed check,87.56,1396.21, Yes
CUST-7529,FEMALE,0,Yes,Yes,44,Yes,Yes,Fiber optic,No,No internet service,No,No,Yes,No internet service,Month to month,Yes,Bank transfer,78.45,3447.03, No 
CUST-7116,Femal,0,No,Yes,50,Yes,No phone service,Fiber optic,No internet service,No internet service,No internet service,No,No,Yes,One year,Yes,Bank transfer,82.38,4115.89,No
CUST-7323,Femal,1,Yes,No,2,Yes,Yes,DSL,Yes,No,No,No,No,No,ONE YEAR,Yes,Electronic check,68.3,127.41, No 
CUST-7146,MALE,0,Yes,Yes,35,Yes,Yes,DSL,No internet service,Yes,No,No,No internet service,No,Two year,No,Electronic check,61.22,2135.86, No 
CUST-8389,MALE,0,Yes,No,10,Yes,No,Fiber optic,Yes,No,Yes,Yes,No internet service,No,two year,Yes,Credit card,93.75,944.0,no
CUST-7173,Male,0,No,Yes,17,Yes,No,Fiber optic,No internet service,Yes,Yes,No,Yes,Yes,ONE YEAR,Yes,Bank transfer,96.04,1635.94,no
CUST-7986,male,0,No,Yes,9,Yes,Yes,DSL,No internet service,No,No internet service,No,No,No,Month-to-month,Yes,Bank transfer,40.56,368.22,Yes
CUST-7879,Female,0,No,No,65,No,No phone service,No,No internet service,No internet service,No internet service,No internet service,No internet service,No internet service,one year,No,Mailed check,20.0,1294.2, No 
CUST-7046,MALE,0,No,No,64,Yes,Yes,DSL,No internet service,No,No internet service,No,No internet service,No,one year,Yes,Mailed check,46.34,2965.81,No
CUST-7635, Male,0,Yes,Yes,42,Yes,No phone service,Fiber optic,Yes,Yes,No internet service,Yes,No internet service,No internet service,MONTH-TO-MONTH,Yes,Bank transfer,93.27,3919.89,yes
CUST-8125,FEMALE,0,No,Yes,65,Yes,No,Fiber optic,Yes,No internet service,No internet service,Yes,No internet service,No internet service,ONE YEAR,Yes,Electronic check,82.47,5365.45,no
CUST-7147,Female,0,Yes,Yes,69,Yes,Yes,Fiber optic,No,Yes,No internet service,No internet service,No,No internet service,one year,Yes,Bank transfer,81.82,5637.44,No
CUST-7153,Male,1,Yes,Yes,12,No,No phone service,No,No internet service,No internet service,No internet service,No internet service,No internet service,No internet service,Month-to-month,No,Electronic check,20.0,238.24,YES
CUST-8052, Male,0,Yes,No,61,Yes,No,No,No internet service,No internet service,No internet service,No internet service,No internet service,No internet service,Month to month,Yes,Mailed check,26.1,1594.83,No
CUST-7873, Male,0,No,No,38,Yes,Yes,Fiber optic,No,Yes,Yes,No,No internet service,No internet service,One year,No,Mailed check,80.09,3046.42,yes
CUST-7164,Femal,0,Yes,Yes,27,Yes,No,Fiber optic,No internet service,No,No,Yes,No internet service,No,Month-to-month,Yes,Bank transfer,85.78,2316.26,Yes
CUST-8204, Female ,0,No,Yes,0,Yes,No phone service,No,No internet service,No internet service,No internet service,No internet service,No internet service,No internet service,TWO YEAR,Yes,Bank transfer,25.13,8.35,NO
CUST-7886,MALE,0,No,Yes,68,Yes,No,DSL,No internet service,Yes,No,Yes,Yes,Yes,two year,Yes,Mailed check,87.5,5954.46,No
CUST-7594,MALE,0,No,No,34,Yes,No phone service,No,No internet service,No internet service,No internet service,No internet service,No internet service,No internet service,one year,Yes,Mailed check,28.34,956.97,no
CUST-7702,Female,0,No,Yes,62,Yes,No phone service,Fiber optic,Yes,No,No,No internet service,No,No internet service,Month to month,Yes,Mailed check,82.96,5136.47,no
CUST-7425,Male,0,Yes,Yes,15,Yes,Yes,No,No internet service,No internet service,No internet service,No internet service,No internet service,No internet service,month-to-month,Yes,Credit card,26.25,398.69,no
CUST-8231,Femal,0,Yes,Yes,13,Yes,No phone service,Fiber optic,Yes,No,No,Yes,Yes,Yes,one year,No,Credit card,89.88,1161.75, No 
CUST-7386,male,1,Yes,No,6,Yes,No,DSL,No,No,No internet service,Yes,Yes,Yes,MONTH-TO-MONTH,Yes,Electronic check,72.42,431.29,Yes
CUST-7492, Female ,0,No,Yes,44,Yes,No phone service,Fiber optic,No,No internet service,No internet service,No internet service,Yes,No internet service,Two year,No,Bank transfer,82.44,3632.03,No
CUST-7122,Male,0,No,No,38,Yes,Yes,Fiber optic,No,Yes,No internet service,No internet service,Yes,No internet service,month-to-month,No,Electronic check,82.83,3144.74,YES
CUST-7095,female,1,No,No,63,Yes,No phone service,DSL,No internet service,No internet service,Yes,No,Yes,Yes,Two year,Yes,Bank transfer,66.34,4170.01,No
CUST-7210, Female ,0,Yes,No,3,Yes,No phone service,Fiber optic,No,No,No internet service,No internet service,No,Yes,one year,No,Mailed check,88.73,268.79,NO
CUST-7045,female,0,No,Yes,42,Yes,No phone service,Fiber optic,No,No,No internet service,Yes,No,No,Month to month,No,Credit card,89.95,3781.71,No
CUST-7429,FEMALE,0,No,Yes,16,Yes,No phone service,Fiber optic,No internet service,No,No,Yes,No,Yes,Month to month,Yes,Electronic check,79.13,1267.4,NO
CUST-7571,Femal,No,Yes,No,1,No,No phone service,Fiber optic,Yes,No internet service,No,No,No internet service,No,ONE YEAR,Yes,Bank transfer,75.41,76.37, No 
CUST-7162,,0,Yes,Yes,0,Yes,Yes,No,No internet service,No internet service,No internet service,No internet service,No internet service,No internet service,Month to month,Yes,Electronic check,31.7,4.12,YES
CUST-7382,male,0,Yes,No,27,Yes,No,Fiber optic,No internet service,No internet service,Yes,No internet service,No,Yes,TWO YEAR,Yes,Mailed check,87.84,2372.49,NO
CUST-8365, Female ,0,No,Yes,8,No,No phone service,DSL,No,No,No internet service,No,No internet service,No,2 year,Yes,Credit card,37.92,310.36,no
CUST-7919, Male,1,No,Yes,11,Yes,No,DSL,No,Yes,No,Yes,Yes,No,MONTH-TO-MONTH,Yes,Credit card,70.49,768.92,YES
CUST-7723, Female ,0,Yes,Yes,40,Yes,No,DSL,No,Yes,No,Yes,No internet service,Yes,One year,No,Credit card,67.39,2693.88, No 
CUST-8360,Femal,0,No,Yes,6,Yes,Yes,Fiber optic,No internet service,No,No,Yes,Yes,No internet service,Two year,No,Credit card,92.58,553.95,YES
CUST-7190, Female ,0,No,Yes,10,Yes,No,Fiber optic,No internet service,No,No internet service,No,No internet service,No internet service,Month to month,No,Bank transfer,74.54,736.97,Yes
CUST-7866,female,0,No,Yes,50,Yes,No phone service,Fiber optic,No,Yes,No,No,No internet service,Yes,Month-to-month,Yes,Mailed check,76.08,3800.62, Yes
CUST-8173,male,0,No,No,10,Yes,No phone service,DSL,No internet service,No,No,Yes,Yes,Yes,one year,No,Credit card,69.04,684.86, No 
CUST-8028,Male,1,No,No,62,Yes,No,Fiber optic,Yes,Yes,Yes,No,No,No internet service,month-to-month,No,Credit card,88.55,5482.67,No
CUST-7861,FEMALE,0,Yes,No,34,Yes,Yes,DSL,No internet service,No,No,Yes,No,No internet service,month-to-month,No,Credit card,58.06,1972.86,YES
CUST-7168,Female,0,No,Yes,43,Yes,No,Fiber optic,Yes,No,No internet service,Yes,No internet service,No,month-to-month,No,Bank transfer,92.05,3956.06,Yes
CUST-7255,FEMALE,0,Yes,Yes,28,Yes,Yes,Fiber optic,Yes,No,No,Yes,No internet service,Yes,MONTH-TO-MONTH,Yes,Bank transfer,93.18,2605.0, No 
CUST-7091,Femal,0,No,No,36,Yes,No,Fiber optic,Yes,No,No internet service,No,No,Yes,One year,No,Bank transfer,87.96,3173.06,no
CUST-8275,FEMALE,0,Yes,Yes,6,Yes,Yes,DSL,Yes,Yes,Yes,Yes,No internet service,No,Month-to-month,No,Bank transfer,75.45,447.41, No 
CUST-7958, Male,0,No,Yes,58,Yes,No,DSL,No,Yes,No,No,No,No internet service,Month to month,No,Bank transfer,48.51,2817.74,yes
CUST-7472, Male,0,Yes,No,-62,No,No phone service,DSL,No,Yes,No internet service,No,Yes,No internet service,MONTH-TO-MONTH,Yes,Credit card,52.83,3270.97, Yes
CUST-8298,male,0,Yes,Yes,29,Yes,No,No,No internet service,No internet service,No internet service,No internet service,No internet service,No internet service,MONTH-TO-MONTH,Yes,Electronic check,32.3,942.71,No
CUST-7933,Femal,0,No,Yes,2,Yes,Yes,No,No internet service,No internet service,No internet service,No internet service,No internet service,No internet service,Month-to-month,No,Electronic check,29.65,53.15,no
CUST-8213,Female,1,,No,32,Yes,Yes,DSL,Yes,No,No internet service,Yes,No internet service,Yes,ONE YEAR,Yes,Bank transfer,63.49,2040.21,NO
CUST-7805, Male,0,Yes,No,39,Yes,No,No,No internet service,No internet service,No internet service,No internet service,No internet service,No internet service,Month-to-month,No,Bank transfer,34.19,1341.41,no
CUST-7250,Femal,0,Yes,Yes,-17,Yes,No phone service,Fiber optic,No,No,Yes,No internet service,No,No,One year,No,Electronic check,83.22,1409.66, Yes
CUST-7370,Femal,0,Yes,Yes,65,Yes,No phone service,DSL,No,No internet service,No internet service,Yes,No internet service,No,MONTH-TO-MONTH,No,Bank transfer,54.12,3518.74, Yes
CUST-8367,FEMALE,0,Yes,Yes,55,Yes,No phone service,DSL,No,No internet service,Yes,No internet service,No internet service,No internet service,month-to-month,No,Mailed check,58.98,3238.74,No
CUST-7169,Male,0,No,Yes,27,No,No phone service,Fiber optic,No,No internet service,No,No,No,Yes,Month-to-month,Yes,Electronic check,64.1,1728.98,NO
CUST-7073,male,0,Yes,No,24,No,No phone service,DSL,No,No internet service,Yes,No,Yes,No internet service,MONTH-TO-MONTH,Yes,Bank transfer,52.58,1265.17,No
CUST-8232, Female ,0,Yes,No,14,Yes,No phone service,DSL,No,No,Yes,Yes,Yes,Yes,MONTH-TO-MONTH,Yes,,79.06,1099.12, Yes
CUST-7040,FEMALE,0,No,Yes,2,Yes,Yes,Fiber optic,No internet service,Yes,Yes,Yes,No,Yes,Two year,Yes,Mailed check,94.37,197.28,yes
CUST-8043,MALE,0,Yes,Yes,27,Yes,No,Fiber optic,Yes,Yes,Yes,No,No internet service,No,ONE YEAR,No,Mailed check,99.04,2668.97, No 
CUST-8110,MALE,0,No,No,32,No,No phone service,Fiber optic,Yes,Yes,No,No,Yes,Yes,MONTH-TO-MONTH,Yes,Bank transfer,94.33,3012.75,yes
CUST-7393, Male,0,Yes,No,11,No,No phone service,No,No internet service,No internet service,No internet service,No internet service,No internet service,No internet service,MONTH-TO-MONTH,Yes,Bank transfer,20.0,221.98, No 
CUST-7499,Femal,1,Yes,Yes,66,Yes,No,DSL,Yes,Yes,No,Yes,No internet service,No,two year,Yes,Credit card,67.62,4456.53, No 
CUST-8135, Female ,0,No,No,21,No,No phone service,Fiber optic,Yes,Yes,Yes,Yes,No,Yes,One year,No,Mailed check,96.92,2038.14,no
CUST-7882, Male,1,No,Yes,26,No,No phone service,Fiber optic,No,Yes,Yes,No,No,No,ONE YEAR,No,Electronic check,71.65,1857.36,No
CUST-7423,male,0,No,No,66,Yes,No,Fiber optic,No internet service,No internet service,No,No,No,No,one year,Yes,Electronic check,81.88,5405.12,Yes
CUST-7347,female,0,Yes,Yes,2,Yes,Yes,DSL,Yes,No internet service,No internet service,No internet service,Yes,No internet service,MONTH-TO-MONTH,Yes,Electronic check,70.89,145.55, Yes
CUST-7841, Female ,0,No,Yes,7,Yes,Yes,Fiber optic,No,No internet service,Yes,No internet service,No internet service,No,Month to month,Yes,Credit card,88.51,626.7,YES
CUST-7421,female,0,No,No,21,Yes,No,Fiber optic,Yes,No internet service,Yes,Yes,No,No internet service,one year,Yes,Mailed check,93.99,1964.12, No 
CUST-7963,FEMALE,1,No,No,18,Yes,No,No,No internet service,No internet service,No internet service,No internet service,No internet service,No internet service,Month-to-month,Yes,Mailed check,34.52,627.84,no
CUST-7566,Female,0,No,Yes,1,Yes,Yes,DSL,Yes,No,No,No,No internet service,Yes,one year,Yes,Electronic check,75.04,75.96,yes
CUST-8091, Male,0,No,Yes,2,Yes,No,No,No internet service,No internet service,No internet service,No internet service,No internet service,No internet service,ONE YEAR,No,Mailed check,33.1,68.28, Yes
CUST-8094,MALE,0,Yes,Yes,2,Yes,No phone service,DSL,No,No internet service,Yes,No,No,No,MONTH-TO-MONTH,Yes,Bank transfer,58.36,116.06,YES
CUST-7782,Male,0,No,Yes,30,Yes,Yes,Fiber optic,No,Yes,No,No,No,No internet service,one year,Yes,Mailed check,73.78,2215.53, No 
CUST-8120,Male,0,Yes,No,53,Yes,Yes,DSL,No,No internet service,No internet service,No,No internet service,Yes,2 year,No,Credit card,50.05,2653.03,NO
CUST-8126,Femal,0,No,Yes,10,Yes,Yes,Fiber optic,Yes,Yes,Yes,No internet service,No internet service,Yes,Month-to-month,Yes,Bank transfer,102.92,1025.99,Yes
CUST-8190, Male,0,No,No,6,Yes,No,DSL,No,No,Yes,No internet service,No internet service,No,month-to-month,Yes,Mailed check,46.8,277.93, No 
CUST-7843,Female,0,No,Yes,10,Yes,Yes,Fiber optic,No internet service,No,No,No internet service,Yes,No,month-to-month,No,Electronic check,69.39,701.33,No
CUST-7115,MALE,0,Yes,No,50,Yes,Yes,DSL,Yes,No internet service,No,No,Yes,No,One year,No,Credit card,60.55,3032.96, No 
CUST-7296,male,0,Yes,Yes,9,Yes,No,DSL,Yes,No internet service,No internet service,No,No internet service,Yes,Month-to-month,Yes,Bank transfer,59.35, ,yes
CUST-7316,MALE,Yes,No,Yes,27,Yes,Yes,No,No internet service,No internet service,No internet service,No internet service,No internet service,No internet service,Month-to-month,Yes,Electronic check,26.6,717.86,YES
CUST-7730, Male,0,Yes,No,9,Yes,Yes,DSL,No,No,Yes,No internet service,No internet service,No internet service,MONTH-TO-MONTH,No,Bank transfer,60.86,540.75,
CUST-7468, Female ,1,No,No,22,Yes,Yes,Fiber optic,No,No internet service,Yes,No internet service,No,Yes,Month to month,No,Bank transfer,82.49,1810.44,Yes
CUST-7716,Femal,1,No,Yes,72,Yes,Yes,Fiber optic,Yes,No,Yes,No,No,No internet service,one year,No,Mailed check,79.0,5692.6, No 
CUST-7846,,0,Yes,Yes,12,Yes,Yes,DSL,No internet service,No internet service,No internet service,No,No,No,MONTH-TO-MONTH,No,Bank transfer,60.85,721.08, No 
CUST-7450,female,0,Yes,No,4,Yes,No,Fiber optic,Yes,No,Yes,No,No,No internet service,Two year,Yes,Credit card,78.43,309.82, Yes
CUST-7334,Male,1,Yes,Yes,52,Yes,Yes,Fiber optic,No internet service,Yes,Yes,No,Yes,Yes,two year,No,Mailed check,83.54,,NO
CUST-7971,MALE,0,No,No,56,Yes,No phone service,Fiber optic,Yes,No,No internet service,No internet service,Yes,Yes,month-to-month,Yes,Electronic check,93.95,5265.9,YES
CUST-7027,FEMALE,0,Yes,No,51,Yes,Yes,Fiber optic,No internet service,Yes,No internet service,Yes,No internet service,Yes,MONTH-TO-MONTH,No,Electronic check,85.99,4389.02,YES
CUST-8076,FEMALE,0,No,No,60,Yes,No phone service,Fiber optic,No,Yes,No,No,No,Yes,ONE YEAR,Yes,Mailed check,83.74,5033.31,NO
CUST-7950,female,0,No,No,66,Yes,Yes,Fiber optic,No internet service,No internet service,No,No internet service,No,No internet service,two year,No,Credit card,62.15,4106.97,NO
CUST-7781,male,0,No,No,1,Yes,No phone service,Fiber optic,Yes,Yes,Yes,No internet service,No,No internet service,MONTH-TO-MONTH,Yes,Electronic check,83.48,92.25,yes
CUST-8157,male,0,Yes,Yes,45,Yes,No,Fiber optic,No internet service,No,No,No internet service,Yes,No,MONTH-TO-MONTH,No,Mailed check,79.03,3549.89,no
CUST-8153,Male,0,Yes,No,2,Yes,Yes,DSL,No,No,Yes,Yes,Yes,No internet service,Month to month,Yes,Mailed check,56.65,114.21, Yes
CUST-7482,,0,No,Yes,71,Yes,No,Fiber optic,Yes,No internet service,Yes,No internet service,No,No,one year,No,Bank transfer,85.87,6102.88,YES
CUST-8348, Male,0,Yes,Yes,30,Yes,Yes,No,No internet service,No internet service,No internet service,No internet service,No internet service,No internet service,MONTH-TO-MONTH,No,Mailed check,34.59,1030.22,Yes
CUST-7490, Female ,0,Yes,Yes,3,Yes,No phone service,No,No internet service,No internet service,No internet service,No internet service,No internet service,No internet service,two year,No,Credit card,28.96,87.16, No 
CUST-7326,female,0,No,Yes,46,Yes,No phone service,DSL,No,No internet service,No internet service,No,Yes,No,2 year,Yes,Bank transfer,60.19,2758.76, No 
CUST-7752, Male,0,Yes,Yes,7,Yes,No phone service,DSL,No internet service,No internet service,No internet service,No,No internet service,No,month-to-month,Yes,Credit card,54.62,391.44,YES
CUST-8358,Male,0,No,No,51,Yes,No,Fiber optic,No,No,No internet service,No internet service,Yes,No,MONTH-TO-MONTH,Yes,Electronic check,82.72,4226.2, No 
CUST-7387,MALE,0,Yes,No,31,Yes,No phone service,No,No internet service,No internet service,No internet service,No internet service,No internet service,No internet service,TWO YEAR,No,Credit card,28.35,887.37,Yes
CUST-7235,MALE,0,No,No,35,Yes,No phone service,DSL,No internet service,No internet service,No,No,No,No,two year,No,Electronic check,56.26,1969.04,no
CUST-7202,Male,0,Yes,No,28,Yes,No,Fiber optic,No,No,No,No,Yes,No,Month-to-month,No,Bank transfer,85.99,2411.35, Yes
CUST-7563,FEMALE,1,Yes,No,67,Yes,No phone service,Fiber optic,No,No,Yes,No internet service,No internet service,Yes,TWO YEAR,Yes,Electronic check,81.48,5457.6, No 
CUST-7016,Female,0,Yes,No,3,Yes,Yes,DSL,Yes,Yes,Yes,No internet service,No,No,One year,No,Electronic check,73.28,223.87,No
CUST-8132,Male,0,No,No,58,Yes,No phone service,No,No internet service,No internet service,No internet service,No internet service,No internet service,No internet service,ONE YEAR,No,Credit card,32.61,1888.41,No
CUST-7892,Femal,0,,Yes,64,Yes,No phone service,DSL,No internet service,Yes,Yes,Yes,Yes,No,ONE YEAR,Yes,Electronic check,74.49,4764.77, No 
CUST-7109,male,0,No,No,14,Yes,No phone service,Fiber optic,No,No internet service,No internet service,No internet service,Yes,No internet service,One year,No,Credit card,90.59,1269.64, No 
CUST-7965,MALE,0,Yes,Yes,61,No,No phone service,Fiber optic,Yes,Yes,No,No,No internet service,No internet service,2 year,No,Mailed check,68.62,4186.89, Yes
CUST-8216, Male,0,Yes,No,62,Yes,No phone service,Fiber optic,Yes,Yes,No,No,Yes,No internet service,2 year,Yes,Mailed check,82.11,5081.35, No 
CUST-7638,,0,Yes,Yes,3,Yes,No,Fiber optic,No internet service,No internet service,Yes,No internet service,No,Yes,MONTH-TO-MONTH,Yes,Bank transfer,89.08,275.58,YES
CUST-7588,Female,0,No,No,16,Yes,No phone service,Fiber optic,No internet service,No internet service,No,No internet service,Yes,No,MONTH-TO-MONTH,Yes,Electronic check,73.6,1182.46,No
CUST-7901,Femal,0,Yes,No,2,Yes,Yes,DSL,No,No,Yes,No,No internet service,No internet service,MONTH-TO-MONTH,No,Mailed check,67.39,131.53,No
CUST-7158,MALE,0,No,No,3,Yes,Yes,No,No internet service,No internet service,No internet service,No internet service,No internet service,No internet service,two year,Yes,Mailed check,29.6,91.67,NO
CUST-7262,MALE,0,No,Yes,25,Yes,No phone service,DSL,Yes,No,No internet service,No internet service,No internet service,Yes,month-to-month,Yes,Bank transfer,64.09,1595.28, No 
CUST-8185, Male,0,No,No,2,Yes,No phone service,Fiber optic,No internet service,No,Yes,Yes,No,No,One year,No,Credit card,86.92,182.0, No 
CUST-8380,Male,0,No,No,19,Yes,No,DSL,No,No internet service,Yes,No,No internet service,No internet service,Month-to-month,No,Bank transfer,55.32,1047.83,yes
CUST-7539,FEMALE,0,Yes,No,3,Yes,No phone service,Fiber optic,Yes,Yes,No,Yes,Yes,Yes,two year,Yes,Mailed check,116.06,350.5,YES
CUST-7891,Femal,0,No,No,28,Yes,Yes,Fiber optic,No internet service,No,No internet service,Yes,No internet service,No internet service,Month to month,Yes,Credit card,77.77,2181.59, Yes
CUST-7888, Female ,0,No,Yes,67,Yes,Yes,Fiber optic,No internet service,No,No internet service,No,No internet service,No,MONTH-TO-MONTH,No,Mailed check,83.11,5564.6,YES
CUST-8147,FEMALE,0,No,No,33,Yes,No phone service,Fiber optic,No,No,No,No internet service,No internet service,No,one year,Yes,Electronic check,85.33,2820.05,No
CUST-7710,FEMALE,0,No,No,63,Yes,No phone service,Fiber optic,No,No internet service,No,No,No,No internet service,month-to-month,No,Electronic check,77.88,4913.49,NO
CUST-7214,female,0,Yes,No,0,Yes,No phone service,DSL,No,No internet service,No,Yes,No internet service,No internet service,Month to month,No,Mailed check,48.71,0.0,yes
CUST-8104,female,0,Yes,Yes,72,Yes,Yes,No,No internet service,No internet service,No internet service,No internet service,No internet service,No internet service,Month to month,Yes,Bank transfer,34.19,2454.54,NO
CUST-8337,Femal,0,Yes,Yes,14,No,No phone service,DSL,No internet service,Yes,Yes,No,No internet service,No,TWO YEAR,No,Credit card,57.66,799.74,yes
CUST-7330,Femal,0,,Yes,42,No,No phone service,DSL,No internet service,No internet service,No internet service,No internet service,No,No internet service,month-to-month,Yes,Bank transfer,43.3,1811.9,Yes
CUST-7656,FEMALE,0,Yes,Yes,31,Yes,No,No,No internet service,No internet service,No internet service,No internet service,No internet service,No internet service,month-to-month,No,Credit card,26.84,829.27,no
CUST-7905,MALE,1,No,No,51,Yes,No,DSL,Yes,Yes,No internet service,No internet service,No internet service,No internet service,MONTH-TO-MONTH,No,Mailed check,69.47,3537.24, Yes
CUST-8089,MALE,0,Yes,No,67,Yes,No phone service,Fiber optic,No,Yes,Yes,No,No internet service,No,ONE YEAR,Yes,Credit card,79.94,5359.65,NO
CUST-7428,male,0,Yes,Yes,2,Yes,No,DSL,Yes,No internet service,Yes,Yes,No,Yes,MONTH-TO-MONTH,No,Electronic check,69.8,140.95,Yes
CUST-8198, Female ,0,No,Yes,10,Yes,No phone service,DSL,No internet service,No internet service,No,Yes,No,No internet service,ONE YEAR,No,Mailed check,64.22,638.22,No
CUST-7689,MALE,1,Yes,No,0,Yes,No phone service,DSL,Yes,Yes,No internet service,No,No internet service,Yes,MONTH-TO-MONTH,No,Bank transfer,61.54,0.0, Yes
CUST-8229,male,0,No,No,2,Yes,No phone service,DSL,Yes,No internet service,Yes,Yes,No internet service,Yes,ONE YEAR,No,Bank transfer,75.34,152.64,NO
CUST-8250,FEMALE,0,Yes,Yes,22,Yes,No phone service,No,No internet service,No internet service,No internet service,No internet service,No internet service,No internet service,2 year,No,Credit card,33.35,725.88, No 
CUST-8167,Female,0,No,Yes,65,Yes,No,Fiber optic,No,No internet service,No,Yes,No,Yes,Month to month,No,Credit card,83.32,5424.77, Yes
CUST-7671,Female,0,No,No,5,Yes,No,Fiber optic,No internet service,No internet service,Yes,No,No internet service,Yes,Month-to-month,No,Credit card,77.74,396.22,YES
CUST-7786,Femal,1,No,No,21,Yes,No,Fiber optic,Yes,No,No internet service,Yes,No internet service,No,Two year,Yes,Bank transfer,98.75,2073.82,NO
CUST-7447,female,0,No,No,35,Yes,Yes,Fiber optic,Yes,Yes,Yes,No internet service,No internet service,No internet service,One year,Yes,Bank transfer,90.3,3165.75, No 
CUST-7780,female,0,No,No,43,Yes,Yes,No,No internet service,No internet service,No internet service,No internet service,No internet service,No internet service,TWO YEAR,Yes,Mailed check,27.02,1154.02,yes
CUST-7670, Female ,0,No,Yes,2,Yes,No,Fiber optic,No internet service,Yes,Yes,No internet service,Yes,No,ONE YEAR,No,Electronic check,98.89,204.9, No 
CUST-7774,MALE,0,No,No,71,Yes,Yes,Fiber optic,Yes,No internet service,Yes,No internet service,No,Yes,Month to month,No,Electronic check,89.7,6364.83,YES
CUST-7516, Male,1,No,No,33,Yes,No,DSL,Yes,No,Yes,No internet service,Yes,No,ONE YEAR,No,Mailed check,67.96,2239.93,
CUST-7272,Male,0,Yes,No,65,Yes,Yes,DSL,No internet service,Yes,No,No internet service,No,Yes,month-to-month,Yes,Bank transfer,68.34,4432.86,yes
CUST-7139,FEMALE,0,Yes,Yes,0,Yes,Yes,DSL,Yes,Yes,No internet service,No internet service,Yes,No internet service,One year,No,Credit card,66.73,0.0,Yes
CUST-7707,Male,0,No,Yes,16,Yes,No phone service,Fiber optic,Yes,No internet service,No,No,No,No,Month to month,No,Mailed check,83.13,1322.92, Yes
CUST-7549,MALE,0,Yes,No,23,Yes,Yes,DSL,Yes,No,No internet service,No internet service,Yes,No,Month-to-month,Yes,Electronic check,67.97,1565.48,YES
CUST-8395,Female,0,Yes,No,54,Yes,Yes,No,No internet service,No internet service,No internet service,No internet service,No internet service,No internet service,Month to month,Yes,Electronic check,25.39, ,YES
CUST-7431,Male,0,Yes,No,71,No,No phone service,No,No internet service,No internet service,No internet service,No internet service,No internet service,No internet service,one year,Yes,Electronic check,20.0,1417.42,no
CUST-8183, Male,0,No,Yes,36,Yes,Yes,No,No internet service,No internet service,No internet service,No internet service,No internet service,No internet service,Month-to-month,No,Credit card,31.92,1144.76, No 
CUST-7719,female,0,No,Yes,13,Yes,No,DSL,Yes,No internet service,No internet service,Yes,No,Yes,One year,No,Credit card,71.75,929.43,NO
CUST-7449,FEMALE,0,Yes,Yes,3,Yes,No phone service,Fiber optic,Yes,Yes,Yes,Yes,No,Yes,Two year,No,Mailed check,83.13,257.54,no
CUST-7709, Male,0,Yes,Yes,29,Yes,No,Fiber optic,Yes,No,No internet service,Yes,Yes,No,Month to month,No,Electronic check,104.5,3023.12,No
CUST-7761,Femal,0,No,No,69,Yes,No,DSL,No,Yes,Yes,No internet service,Yes,No,Month-to-month,No,Mailed check,59.53,4107.68,NO
CUST-8328, Male,0,Yes,No,67,No,No phone service,DSL,No,No,No,No,No,No internet service,MONTH-TO-MONTH,No,Mailed check,48.05,3226.92,no
CUST-7868,female,0,No,No,52,Yes,Yes,No,No internet service,No internet service,No internet service,No internet service,No internet service,No internet service,month-to-month,Yes,Mailed check,31.77,1651.7,Yes
CUST-8130,male,0,Yes,No,9,Yes,No phone service,DSL,Yes,No,No,No,No internet service,No,ONE YEAR,Yes,Bank transfer,62.82,559.2, No 
CUST-7809,FEMALE,0,No,Yes,9,Yes,No phone service,DSL,Yes,No,Yes,Yes,No,No internet service,MONTH-TO-MONTH,No,Bank transfer,67.59,602.86, Yes
CUST-7744,FEMALE,1,Yes,Yes,6,Yes,No,No,No internet service,No internet service,No internet service,No internet service,No internet service,No internet service,MONTH-TO-MONTH,Yes,Credit card,30.43,181.19,Yes
CUST-7692,male,0,Yes,Yes,40,Yes,Yes,Fiber optic,Yes,Yes,No,No,Yes,Yes,One year,Yes,Credit card,103.67,4153.7,yes
CUST-7128,female,0,Yes,No,6,Yes,No,No,No internet service,No internet service,No internet service,No internet service,No internet service,No internet service,One year,No,Bank transfer,29.93,170.76, No 
CUST-7008, Female ,0,No,No,37,Yes,Yes,DSL,Yes,No,No,No internet service,No,No,2 year,No,Credit card,60.16,2216.52, No 
CUST-7311, Male,0,Yes,Yes,46,Yes,No,Fiber optic,Yes,Yes,No,Yes,No,No internet service,one year,No,Credit card,94.62,4344.95, No 
CUST-8179,male,0,Yes,No,22,Yes,No phone service,Fiber optic,Yes,No internet service,No,No,Yes,Yes,ONE YEAR,No,Credit card,94.99,2082.0,No
CUST-7526, Female ,0,Yes,Yes,3,Yes,No phone service,Fiber optic,No internet service,No internet service,Yes,No,No,No internet service,TWO YEAR,Yes,Mailed check,85.5,265.24,no
CUST-8042,male,0,Yes,Yes,58,No,No phone service,DSL,Yes,Yes,No,No,No internet service,No,2 year,No,Electronic check,56.95,3293.63,no
CUST-8144,MALE,0,Yes,Yes,17,Yes,No,DSL,No,Yes,Yes,No,No internet service,No,Month-to-month,Yes,Credit card,60.61,1030.71,Yes
CUST-7206,Female,0,Yes,Yes,3,Yes,Yes,DSL,No internet service,No internet service,Yes,No internet service,Yes,No,ONE YEAR,Yes,Electronic check,59.89,174.83, No 
CUST-8391, Male,0,No,Yes,6,Yes,No,Fiber optic,No,No internet service,No,Yes,Yes,No,Month-to-month,No,Bank transfer,92.05,557.68,No
CUST-8338, Male,0,Yes,Yes,51,Yes,No,DSL,Yes,No,No,No internet service,Yes,No internet service,MONTH-TO-MONTH,Yes,Mailed check,66.39,3382.14,NO
CUST-8112, Male,0,Yes,Yes,11,Yes,No,DSL,Yes,No internet service,No internet service,No internet service,No internet service,No internet service,two year,Yes,Credit card,57.94,647.0,No
CUST-7203,Female,0,No,No,43,Yes,No,Fiber optic,Yes,No internet service,Yes,No internet service,Yes,No internet service,One year,No,Bank transfer,100.15,4311.55, Yes
CUST-7054,FEMALE,0,No,No,1,Yes,No,Fiber optic,No internet service,Yes,Yes,No,No internet service,Yes,Month to month,Yes,Electronic check,86.88,85.37,Yes
CUST-8080,FEMALE,0,No,Yes,8,No,No phone service,Fiber optic,No,No,Yes,Yes,No,No internet service,Month-to-month,Yes,Credit card,66.53,525.19,yes
CUST-7488,male,0,Yes,No,57,Yes,No,DSL,No internet service,No,No,No,No,No,Month-to-month,Yes,Bank transfer,53.58,3062.32, Yes
CUST-7540,MALE,1,No,No,57,Yes,Yes,DSL,No,No internet service,No internet service,No internet service,No internet service,No internet service,Two year,No,Electronic check,50.74,2897.35,No
CUST-8018,Male,0,No,Yes,20,Yes,Yes,DSL,No,Yes,No internet service,No internet service,Yes,No,Month to month,No,Electronic check,56.06,1114.06, Yes
CUST-7189,Female,1,No,No,10,Yes,No,DSL,No,No internet service,No,No internet service,No,No,MONTH-TO-MONTH,No,Mailed check,51.66,516.23,no
CUST-7108,male,0,No,No,71,No,No phone service,Fiber optic,No internet service,No internet service,No,No,Yes,Yes,TWO YEAR,Yes,Electronic check,82.06,5823.12, No 
CUST-7537,FEMALE,1,No,No,4,Yes,No,Fiber optic,No,No,Yes,No internet service,No internet service,No internet service,Month to month,Yes,Credit card,71.01,286.93,YES
CUST-7521,FEMALE,1,No,Yes,3,Yes,Yes,DSL,No,No internet service,No internet service,Yes,Yes,Yes,One year,No,,68.26,205.79, Yes
CUST-7550,Male,0,Yes,No,27,Yes,No phone service,Fiber optic,No internet service,Yes,Yes,No,No internet service,No internet service,month-to-month,No,Credit card,91.35,2464.76,NO
CUST-7022,FEMALE,0,Yes,No,72,No,No phone service,DSL,No,No internet service,No,No,Yes,No internet service,month-to-month,Yes,Credit card,48.21,3465.38, Yes
CUST-7376,Femal,0,Yes,Yes,47,Yes,No,No,No internet service,No internet service,No internet service,No internet service,No internet service,No internet service,ONE YEAR,Yes,Bank transfer,30.82,1451.86, No 
CUST-8239,Male,0,Yes,No,72,Yes,No phone service,DSL,Yes,No internet service,Yes,No,No,Yes,ONE YEAR,No,Credit card,70.03,5037.69,no
CUST-8361,male,1,Yes,No,36,Yes,No,DSL,No,Yes,Yes,No internet service,No,No,one year,No,Mailed check,51.39,1844.33,No
CUST-7205, Male,0,Yes,,68,Yes,No phone service,DSL,Yes,Yes,No,No,No,Yes,TWO YEAR,Yes,Electronic check,70.67,4814.11, No 
CUST-7093,male,0,Yes,No,3,Yes,No phone service,DSL,No,No internet service,No,No,Yes,No internet service,TWO YEAR,Yes,Mailed check,54.54,166.98,yes
CUST-7224,Female,0,Yes,Yes,11,Yes,Yes,DSL,No internet service,No internet service,Yes,No internet service,No,Yes,Month-to-month,Yes,Bank transfer,71.24,781.64,no
CUST-8206, Female ,0,Yes,No,12,Yes,No phone service,DSL,No internet service,No internet service,No,No internet service,No,No,MONTH-TO-MONTH,No,Electronic check,56.81,691.36,Yes
CUST-8375,MALE,0,No,No,41,Yes,No phone service,Fiber optic,Yes,No internet service,Yes,No,Yes,No internet service,Month to month,Yes,Electronic check,82.6,3385.42, Yes
CUST-7815, Male,0,Yes,No,41,Yes,Yes,DSL,Yes,No internet service,Yes,Yes,Yes,No,Month-to-month,No,Mailed check,$75.68,3109.83, Yes
CUST-8012,FEMALE,1,No,Yes,9,Yes,No phone service,Fiber optic,Yes,Yes,Yes,No,No internet service,Yes,One year,No,Electronic check,99.55,904.82,YES
CUST-7440, Male,1,No,No,0,Yes,No,DSL,No internet service,Yes,No internet service,No internet service,No,No,Two year,Yes,Credit card,51.26,1.59, No 
CUST-7823,Female,0,Yes,Yes,5,Yes,No,Fiber optic,Yes,No,No,No internet service,Yes,Yes,ONE YEAR,No,Electronic check,84.33,431.42,NO
CUST-7845,FEMALE,0,No,Yes,68,Yes,No,Fiber optic,No internet service,No internet service,No internet service,No,Yes,No internet service,ONE YEAR,No,Bank transfer,87.01,5912.34,YES
CUST-7703,Female,0,Yes,Yes,1,Yes,No,DSL,Yes,Yes,No,Yes,No internet service,No internet service,Month to month,No,Electronic check,64.34,60.63,yes
CUST-7092, Female ,0,Yes,No,65,Yes,No,DSL,Yes,No internet service,Yes,No internet service,No,No internet service,Two year,No,Mailed check,63.11,4107.44,No
CUST-8040,male,0,No,Yes,33,Yes,No,Fiber optic,Yes,Yes,Yes,No,No,No,one year,Yes,Credit card,84.47,2796.34, Yes
CUST-7947,male,0,Yes,No,21,No,No phone service,Fiber optic,Yes,Yes,Yes,No internet service,Yes,No,TWO YEAR,No,Mailed check,97.77,2043.63,yes
CUST-7270, Male,0,No,No,59,Yes,No phone service,No,No internet service,No internet service,No internet service,No internet service,No internet service,No internet service,MONTH-TO-MONTH,Yes,Mailed check,30.26,1783.43,Yes
CUST-8214, Female ,0,Yes,No,22,No,No phone service,No,No internet service,No internet service,No internet service,No internet service,No internet service,No internet service,Month-to-month,No,Electronic check,20.0,436.53, No 
CUST-8038,female,0,Yes,No,25,Yes,Yes,Fiber optic,No internet service,Yes,No,No internet service,Yes,No,MONTH-TO-MONTH,Yes,,72.61,1819.66,NO
CUST-7075,FEMALE,0,No,Yes,50,No,No phone service,Fiber optic,Yes,No,Yes,Yes,Yes,No internet service,One year,Yes,Electronic check,90.43,4516.51, No 
CUST-7908, Female ,0,Yes,Yes,54,Yes,Yes,No,No internet service,No internet service,No internet service,No internet service,No internet service,No internet service,2 year,No,Electronic check,28.63,1548.05,No
CUST-8111,male,0,Yes,No,18,Yes,No phone service,Fiber optic,Yes,No internet service,No,No,Yes,Yes,month-to-month,Yes,Credit card,95.29,1714.65, Yes
CUST-8319,MALE,0,Yes,Yes,55,Yes,No,Fiber optic,No,Yes,No internet service,Yes,Yes,No internet service,month-to-month,No,Electronic check,86.95,4788.82,yes
CUST-7560, Female ,0,Yes,No,2,Yes,No phone service,DSL,Yes,Yes,No,Yes,No internet service,No internet service,Month to month,No,Mailed check,70.92,136.6,NO
CUST-7744,FEMALE,1,Yes,Yes,6,Yes,No,No,No internet service,No internet service,No internet service,No internet service,No internet service,No internet service,MONTH-TO-MONTH,Yes,Credit card,30.43,181.19,Yes
CUST-7849,Femal,1,No,No,7,Yes,No,DSL,No,Yes,No,Yes,No,Yes,one year,No,Bank transfer,63.06,434.04,NO
CUST-7246,Femal,0,Yes,No,67,Yes,No,Fiber optic,No internet service,No internet service,No internet service,No,No internet service,Yes,Month to month,Yes,Credit card,81.78,5472.56,YES
CUST-7747,MALE,0,Yes,Yes,3,Yes,No,Fiber optic,No internet service,Yes,Yes,Yes,Yes,No,two year,No,Credit card,95.59,284.31,YES
CUST-8004,male,0,No,Yes,45,Yes,No,Fiber optic,Yes,No internet service,No,Yes,Yes,No,Month to month,No,Bank transfer,99.64,4476.78,no
CUST-7469,male,0,No,No,3,Yes,No phone service,No,No internet service,No internet service,No internet service,No internet service,No internet service,No internet service,one year,No,Bank transfer,34.47,99.36,NO
CUST-8098,Male,0,No,Yes,5,Yes,No,Fiber optic,Yes,Yes,No internet service,No internet service,No internet service,No,Month to month,No,Bank transfer,87.59,433.02,no
CUST-8331, Male,0,Yes,Yes,0,No,No phone service,No,No internet service,No internet service,No internet service,No internet service,No internet service,No internet service,ONE YEAR,No,Electronic check,20.0,0.0, Yes
CUST-8103, Female ,0,No,Yes,29,Yes,No phone service,Fiber optic,No,No internet service,No internet service,Yes,No,No internet service,one year,No,Credit card,81.25,2348.16,NO
CUST-7130, Female ,0,Yes,No,49,Yes,Yes,DSL,Yes,No internet service,Yes,Yes,Yes,No internet service,Month-to-month,Yes,Mailed check,77.48,3790.34,yes
CUST-8217,MALE,0,No,No,55,Yes,No phone service,Fiber optic,Yes,No internet service,No,No internet service,Yes,Yes,MONTH-TO-MONTH,No,Electronic check,85.14,4680.32, No 
CUST-7024,Femal,1,No,Yes,24,Yes,No,Fiber optic,No internet service,No,No,No internet service,No,No,ONE YEAR,No,,68.26,1639.96, No 
CUST-7583,MALE,0,No,No,18,Yes,No,DSL,Yes,Yes,Yes,Yes,No,No internet service,one year,No,Credit card,74.65,1337.82,YES
CUST-7391,male,0,No,No,60,Yes,Yes,Fiber optic,No internet service,Yes,Yes,No internet service,Yes,No internet service,MONTH-TO-MONTH,Yes,Bank transfer,92.29,5542.71,YES
CUST-7677,Femal,No,Yes,Yes,67,Yes,No phone service,Fiber optic,No,No,No internet service,No,Yes,Yes,TWO YEAR,No,Bank transfer,83.42,5585.62,Yes
CUST-8006,Femal,0,No,No,25,Yes,Yes,No,No internet service,No internet service,No internet service,No internet service,No internet service,No internet service,month-to-month,Yes,Electronic check,25.85,655.75,yes
CUST-8325,male,0,No,No,4,Yes,No,DSL,No internet service,No,No internet service,Yes,No internet service,Yes,Month to month,No,Credit card,65.28,253.49, Yes
CUST-7743, Male,1,No,No,15,Yes,No phone service,No,No internet service,No internet service,No internet service,No internet service,No internet service,No internet service,One year,Yes,Bank transfer,28.12,412.57,NO
CUST-7025,Female,1,No,Yes,37,Yes,No,DSL,Yes,No,No internet service,No,No,Yes,Month-to-month,No,Mailed check,72.44,2682.76,no
CUST-7155,MALE,0,Yes,No,52,Yes,Yes,DSL,No,No internet service,Yes,No internet service,Yes,No,month-to-month,Yes,Credit card,60.62,3149.12, No 
CUST-8386,MALE,0,No,No,38,Yes,No,Fiber optic,Yes,Yes,No,No internet service,No,No,one year,No,Bank transfer,99.59,3780.18,no
CUST-7982,Male,0,Yes,Yes,41,Yes,Yes,DSL,Yes,No,No internet service,No,No,No,Month-to-month,Yes,Credit card,62.2,2543.51,YES
CUST-7542,FEMALE,0,Yes,No,2,Yes,No phone service,Fiber optic,No,No internet service,Yes,No,No internet service,No internet service,Month to month,No,Mailed check,83.95,160.89,YES
CUST-7870, Male,1,Yes,Yes,39,Yes,Yes,No,No internet service,No internet service,No internet service,No internet service,No internet service,No internet service,MONTH-TO-MONTH,No,Mailed check,33.42,1297.27,No
CUST-7631, Male,0,No,Yes,6,Yes,Yes,Fiber optic,Yes,No internet service,Yes,Yes,Yes,No internet service,two year,No,Bank transfer,96.07,573.28,NO
CUST-8085,FEMALE,1,Yes,No,2,Yes,No,No,No internet service,No internet service,No internet service,No internet service,No internet service,No internet service,month-to-month,No,Mailed check,25.43,41.86,YES
CUST-7637,MALE,1,Yes,Yes,57,Yes,No phone service,Fiber optic,Yes,No,No internet service,No internet service,No,No,one year,No,Bank transfer,74.73,4253.28,YES
CUST-7445,,0,No,Yes,2,Yes,Yes,No,No internet service,No internet service,No internet service,No internet service,No internet service,No internet service,month-to-month,No,Credit card,28.4,65.12,yes
CUST-8345,male,0,Yes,No,69,Yes,Yes,DSL,No internet service,No internet service,No,Yes,Yes,No internet service,2 year,No,Credit card,57.72,3982.16,yes
CUST-8304,Femal,0,Yes,No,10,Yes,Yes,Fiber optic,No internet service,Yes,No internet service,Yes,No,No internet service,One year,Yes,Mailed check,81.97,810.99, Yes
CUST-7899, Female ,0,No,No,43,No,No phone service,DSL,No internet service,No internet service,No internet service,Yes,No internet service,No,month-to-month,No,Electronic check,43.92,1886.25, No 
CUST-7179,Female,0,No,Yes,72,Yes,Yes,Fiber optic,Yes,No internet service,Yes,Yes,No,Yes,MONTH-TO-MONTH,Yes,Mailed check,97.11,7000.85, Yes
CUST-7880, Male,0,No,Yes,55,Yes,No,No,No internet service,No internet service,No internet service,No internet service,No internet service,No internet service,Month to month,Yes,Bank transfer,31.07,1704.18,yes
CUST-8306,FEMALE,0,Yes,Yes,71,Yes,No,Fiber optic,No internet service,No,No,No,Yes,No,month-to-month,No,Credit card,73.02,5190.0,Yes
CUST-8289, Female ,0,Yes,Yes,58,Yes,Yes,No,No internet service,No internet service,No internet service,No internet service,No internet service,No internet service,one year,No,Credit card,32.45,1877.91,no
CUST-7010, Male,0,No,Yes,3,Yes,Yes,Fiber optic,No,Yes,Yes,No,No,No,2 year,No,Credit card,93.94,278.23,NO
CUST-7354,MALE,0,,No,44,Yes,No phone service,DSL,No,No,No internet service,No,No internet service,No,month-to-month,Yes,Bank transfer,56.57,2482.41,Yes
CUST-7067,FEMALE,0,Yes,No,15,Yes,No phone service,No,No internet service,No internet service,No internet service,No internet service,No internet service,No internet service,Month-to-month,No,Credit card,33.0,501.77, Yes
CUST-7145,female,0,No,Yes,2,Yes,No phone service,DSL,No,No,No internet service,No,No,No,Month to month,No,Bank transfer,45.2,92.84,No
CUST-8051,male,0,Yes,Yes,10,Yes,No phone service,Fiber optic,No,Yes,Yes,No internet service,Yes,No,Two year,Yes,Credit card,77.91,784.66, No 
CUST-7415,Male,0,No,No,62,Yes,No,DSL,No internet service,No,No,No,No,No,one year,Yes,Mailed check,52.69,3261.17,no
CUST-7871, Male,0,Yes,Yes,5,Yes,No phone service,Fiber optic,No internet service,No internet service,Yes,No,Yes,No internet service,month-to-month,Yes,Electronic check,83.84,420.18,No
CUST-7506,male,0,No,Yes,37,Yes,No,Fiber optic,No,No internet service,No internet service,Yes,No,Yes,2 year,Yes,Bank transfer,85.93,3171.02,No
CUST-7300,Femal,0,Yes,Yes,0,Yes,No,DSL,No internet service,No internet service,No internet service,Yes,No internet service,No internet service,2 year,No,Credit card,55.46,0.0,no
CUST-7523, Male,0,No,No,62,Yes,No phone service,Fiber optic,Yes,No internet service,Yes,No internet service,Yes,No internet service,Month-to-month,Yes,Electronic check,94.31,5840.11,no
CUST-7022,FEMALE,0,Yes,No,72,No,No phone service,DSL,No,No internet service,No,No,Yes,No internet service,month-to-month,Yes,Credit card,48.21,3465.38, Yes
CUST-8092,male,0,No,Yes,3,Yes,No phone service,Fiber optic,Yes,No,Yes,Yes,Yes,No,2 year,Yes,Bank transfer,95.8,282.73,NO
CUST-7437,Femal,0,No,No,38,No,No phone service,DSL,No internet service,No internet service,Yes,Yes,Yes,Yes,TWO YEAR,No,Electronic check,63.22,2400.63,NO
CUST-8127,MALE,0,No,No,67,No,No phone service,Fiber optic,Yes,No internet service,Yes,No internet service,Yes,No,Month-to-month,No,Credit card,81.61,5462.21,NO
CUST-8211,Male,0,No,No,10,Yes,Yes,No,No internet service,No internet service,No internet service,No internet service,No internet service,No internet service,Month to month,Yes,Mailed check,31.12,301.84, No 
CUST-7791, Female ,0,No,Yes,45,No,No phone service,Fiber optic,No,No internet service,Yes,No,No internet service,Yes,Month to month,Yes,Credit card,71.85,3228.78,NO
CUST-7138,,0,No,No,21,No,No phone service,Fiber optic,No,No internet service,No,No,Yes,Yes,Month to month,Yes,Mailed check,73.22,1532.23,YES
CUST-8189,Femal,0,No,Yes,1,Yes,No phone service,Fiber optic,Yes,Yes,No internet service,Yes,No internet service,No,MONTH-TO-MONTH,No,Bank transfer,90.84,85.45,yes
CUST-7195,MALE,0,Yes,Yes,52,Yes,No,No,No internet service,No internet service,No internet service,No internet service,No internet service,No internet service,month-to-month,No,Bank transfer,32.67,1708.52, No 
CUST-7993, Female ,0,Yes,Yes,61,Yes,Yes,No,No internet service,No internet service,No internet service,No internet service,No internet service,No internet service,MONTH-TO-MONTH,Yes,Bank transfer,34.91,2124.54,no
CUST-7449,FEMALE,0,Yes,Yes,3,Yes,No phone service,Fiber optic,Yes,Yes,Yes,Yes,No,Yes,Two year,No,Mailed check,83.13,257.54,no
CUST-7928,female,0,No,No,8,Yes,Yes,Fiber optic,No internet service,No,No,Yes,Yes,Yes,MONTH-TO-MONTH,Yes,Electronic check,87.63,693.47,YES
CUST-8159,female,1,Yes,Yes,67,Yes,Yes,Fiber optic,Yes,No,No internet service,No,Yes,No internet service,ONE YEAR,Yes,Electronic check,85.3,5721.7,YES
CUST-7688, Male,0,No,Yes,43,Yes,No,Fiber optic,No,Yes,Yes,No,No,Yes,MONTH-TO-MONTH,No,Credit card,82.29,3532.55, No 
CUST-7943,Male,0,Yes,Yes,15,No,No phone service,No,No internet service,No internet service,No internet service,No internet service,No internet service,No internet service,MONTH-TO-MONTH,Yes,Mailed check,20.0,303.41,NO
CUST-7174,female,0,Yes,Yes,25,Yes,No,No,No internet service,No internet service,No internet service,No internet service,No internet service,No internet service,Month to month,No,Mailed check,33.83,854.22,Yes
CUST-7222, Female ,0,Yes,Yes,34,No,No phone service,DSL,Yes,No internet service,No,No internet service,No internet service,Yes,One year,No,Electronic check,55.38,,No
CUST-7254,Male,0,No,Yes,63,Yes,No phone service,DSL,No,No,No internet service,No,No,No internet service,month-to-month,No,Bank transfer,45.35,2853.58,No
CUST-8327,male,0,Yes,No,1,Yes,Yes,No,No internet service,No internet service,No internet service,No internet service,No internet service,No internet service,TWO YEAR,No,Bank transfer,25.44,28.4,NO
CUST-7385,MALE,0,Yes,Yes,0,No,No phone service,DSL,Yes,No,Yes,Yes,No,No internet service,TWO YEAR,Yes,Credit card,67.88,6.41,no
CUST-8373,MALE,0,Yes,No,52,Yes,Yes,Fiber optic,No internet service,Yes,No internet service,No,Yes,No,Month to month,Yes,Electronic check,74.21,3860.89, No 
CUST-7720, Female ,0,Yes,Yes,47,Yes,Yes,Fiber optic,No,No internet service,Yes,No internet service,No internet service,No internet service,Month to month,Yes,Mailed check,79.99,3764.79, No 
CUST-8307, Male,0,No,Yes,66,Yes,Yes,Fiber optic,Yes,No,Yes,No internet service,No,No internet service,Month-to-month,Yes,Credit card,90.09,5949.15,YES
CUST-7034,female,0,No,No,70,Yes,No,Fiber optic,No,No internet service,Yes,Yes,Yes,No,Month to month,Yes,Bank transfer,78.87,5522.8,yes
CUST-7265,Femal,0,Yes,Yes,61,Yes,No phone service,Fiber optic,Yes,No internet service,Yes,No,No,No,Month to month,Yes,Credit card,79.92,4881.79,NO
CUST-7557, Male,0,No,Yes,5,Yes,No,Fiber optic,Yes,No,No internet service,Yes,No internet service,No,Month to month,Yes,Bank transfer,73.34,362.8, Yes
CUST-7089, Male,0,Yes,Yes,54,Yes,Yes,Fiber optic,No,No internet service,No,Yes,No,No,Two year,Yes,Bank transfer,82.37,4440.35,No
CUST-7825,male,1,No,Yes,1,No,No phone service,Fiber optic,No internet service,No internet service,Yes,No,Yes,Yes,MONTH-TO-MONTH,No,Credit card,88.51,81.4,yes
CUST-8116, Male,1,Yes,No,19,Yes,Yes,No,No internet service,No internet service,No internet service,No internet service,No internet service,No internet service,2 year,Yes,Credit card,32.1,617.04, Yes
CUST-8041,Female,0,No,Yes,46,No,No phone service,DSL,No internet service,No,Yes,No internet service,No,No,Month to month,Yes,Credit card,43.22,1979.04, No 
CUST-7000, Female ,1,No,No,30,Yes,Yes,No,No internet service,No internet service,No internet service,No internet service,No internet service,No internet service,month-to-month,Yes,Credit card,28.03,832.71,No
CUST-8291,Femal,1,Yes,Yes,53,Yes,No phone service,No,No internet service,No internet service,No internet service,No internet service,No internet service,No internet service,Month to month,No,Electronic check,27.81,1472.26,No
CUST-7613,Female,0,Yes,No,8,Yes,Yes,DSL,No internet service,No,Yes,No,No,Yes,TWO YEAR,No,Mailed check,68.23,555.49,No
CUST-7005,MALE,1,Yes,Yes,5,Yes,No phone service,DSL,No,No,No internet service,Yes,No,Yes,Month-to-month,No,Mailed check,67.64,338.02,Yes
CUST-7342,male,0,,Yes,58,Yes,No,Fiber optic,Yes,No,No internet service,No,Yes,No internet service,Month to month,Yes,Bank transfer,79.65,4613.15, Yes
CUST-7837,female,0,Yes,No,35,Yes,Yes,DSL,No,No internet service,Yes,No internet service,Yes,No,Month to month,Yes,Electronic check,67.91,2384.76, No 
CUST-7101,FEMALE,0,Yes,No,72,Yes,No phone service,Fiber optic,No,Yes,No,No,No internet service,No internet service,Two year,No,Electronic check,69.14,4976.58,Yes
CUST-8268,MALE,0,No,No,-12,Yes,Yes,DSL,No internet service,No internet service,Yes,No,No internet service,Yes,month-to-month,Yes,Bank transfer,55.37,659.36, No 
CUST-7039, Male,0,No,No,9,Yes,No,Fiber optic,No internet service,Yes,No internet service,Yes,No,No internet service,MONTH-TO-MONTH,No,Credit card,80.81,719.48,YES
CUST-7528,Femal,0,Yes,No,25,Yes,No,DSL,No internet service,Yes,No internet service,No internet service,Yes,Yes,month-to-month,Yes,Electronic check,73.96,1850.48,NO
CUST-7665,male,0,Yes,No,2,Yes,No,No,No internet service,No internet service,No internet service,No internet service,No internet service,No internet service,month-to-month,Yes,Electronic check,34.75,75.0,Yes
CUST-7452, Female ,0,Yes,No,66,Yes,No phone service,Fiber optic,Yes,No,Yes,No,No internet service,No internet service,ONE YEAR,Yes,Credit card,95.76,6320.12,yes
CUST-7660,female,0,No,Yes,51,Yes,Yes,DSL,Yes,No,No internet service,No,No,No,one year,Yes,Electronic check,62.7,3201.58,NO
CUST-7124,Female,0,No,Yes,42,Yes,No,DSL,Yes,No,No internet service,No internet service,No,No internet service,Month to month,Yes,Credit card,55.69,2342.07,no
CUST-7177,Male,0,No,No,59,Yes,No,DSL,Yes,No,Yes,Yes,No,Yes,one year,No,Mailed check,70.77,4170.68,no
CUST-7136,Male,0,Yes,No,9,Yes,Yes,No,No internet service,No internet service,No internet service,No internet service,No internet service,No internet service,MONTH-TO-MONTH,Yes,Electronic check,31.03,285.75,Yes
CUST-7336,MALE,0,No,Yes,14,Yes,No phone service,DSL,No,No internet service,No internet service,No,No,Yes,month-to-month,Yes,Bank transfer,56.43,788.97,NO
CUST-7118,MALE,0,No,No,15,No,No phone service,Fiber optic,No,No internet service,No,No,No,No internet service,Month-to-month,No,Credit card,65.6,993.82,NO
CUST-7127,Male,0,No,No,56,No,No phone service,Fiber optic,No,No internet service,Yes,No internet service,Yes,No internet service,MONTH-TO-MONTH,No,Bank transfer,74.07,4151.02,YES
CUST-8354, Female ,0,Yes,No,29,Yes,No,Fiber optic,No,No internet service,No internet service,Yes,Yes,Yes,one year,Yes,Electronic check,88.23,2555.62, No 
CUST-7505,MALE,0,Yes,Yes,15,Yes,Yes,Fiber optic,No internet service,No,No,Yes,No internet service,No internet service,month-to-month,Yes,Mailed check,69.26,1030.82,Yes
CUST-8220,Male,0,Yes,Yes,62,Yes,No phone service,DSL,No,Yes,No,No internet service,No internet service,Yes,MONTH-TO-MONTH,No,Credit card,64.23,,no
CUST-7617, Female ,0,Yes,No,11,Yes,No,Fiber optic,No,No,No internet service,No internet service,No internet service,Yes,Month to month,No,Electronic check,83.39,922.66,no
CUST-7915,female,0,Yes,No,0,Yes,No phone service,No,No internet service,No internet service,No internet service,No internet service,No internet service,No internet service,Month to month,Yes,Electronic check,25.39,0.0, No 
CUST-7818,FEMALE,0,Yes,No,29,Yes,Yes,Fiber optic,No,No,No internet service,Yes,No internet service,No,month-to-month,Yes,Electronic check,90.57,2621.92,no
CUST-7192,male,0,Yes,No,32,Yes,No,Fiber optic,No internet service,No internet service,No internet service,No internet service,No,No,MONTH-TO-MONTH,Yes,Electronic check,84.28,2700.76,yes
CUST-8353,male,0,Yes,Yes,50,Yes,Yes,Fiber optic,Yes,No,No internet service,No,No,No,two year,Yes,Electronic check,84.66,4237.55,no
CUST-8264,Male,0,Yes,Yes,9,Yes,No phone service,No,No internet service,No internet service,No internet service,No internet service,No internet service,No internet service,Two year,Yes,Bank transfer,25.64,221.29,NO
CUST-7820,female,1,Yes,No,2,Yes,No,No,No internet service,No internet service,No internet service,No internet service,No internet service,No internet service,2 year,Yes,Electronic check,25.53,60.18,YES
CUST-8287,Male,0,No,Yes,-1,Yes,Yes,DSL,Yes,No,No internet service,No internet service,Yes,No,Month-to-month,No,Mailed check,63.06,72.44, No 
CUST-7135, Female ,0,Yes,Yes,3,Yes,No phone service,DSL,No,Yes,No internet service,No internet service,Yes,No internet service,one year,Yes,Bank transfer,54.25,166.43,NO
CUST-7244,Femal,0,Yes,Yes,30,Yes,No,Fiber optic,No,No,Yes,No,No,No,Two year,Yes,Bank transfer,75.95,2276.69, No 
CUST-7460,female,0,Yes,Yes,55,Yes,Yes,Fiber optic,No internet service,No,No,No,No,Yes,Month to month,No,Electronic check,71.42,3931.2,yes
CUST-7041, Male,0,No,Yes,49,Yes,No,No,No internet service,No internet service,No internet service,No internet service,No internet service,No internet service,ONE YEAR,Yes,Bank transfer,28.31,1384.03,No
CUST-7093,male,0,Yes,No,-3,Yes,No phone service,DSL,No,No internet service,No,No,Yes,No internet service,TWO YEAR,Yes,Mailed check,54.54,166.98,yes
CUST-7636,MALE,0,Yes,Yes,63,Yes,No,Fiber optic,No internet service,No internet service,Yes,Yes,No,Yes,Month-to-month,No,Bank transfer,94.6,5952.2,no
CUST-7358,Femal,0,Yes,Yes,25,No,No phone service,Fiber optic,Yes,No,No,No internet service,No internet service,Yes,2 year,Yes,Bank transfer,72.47,1814.4,No
CUST-7824, Female ,0,Yes,Yes,23,Yes,No phone service,DSL,No,Yes,No internet service,No internet service,Yes,Yes,month-to-month,Yes,Bank transfer,71.16,1629.13, Yes
CUST-7297,Female,0,Yes,No,15,Yes,No,No,No internet service,No internet service,No internet service,No internet service,No internet service,No internet service,MONTH-TO-MONTH,No,Bank transfer,28.7,435.83,No
CUST-8215,FEMALE,0,Yes,No,11,Yes,No,Fiber optic,No internet service,Yes,No,No,No internet service,No internet service,Month-to-month,No,Bank transfer,82.48,910.29,YES
CUST-7517,Female,0,No,No,71,Yes,No,Fiber optic,No internet service,Yes,No,No,No internet service,Yes,one year,No,Credit card,79.88,5675.83,Yes
CUST-7558,female,0,Yes,Yes,10,Yes,No phone service,DSL,No internet service,Yes,Yes,No,No,No internet service,Month-to-month,Yes,Mailed check,67.91,672.29, No 
CUST-8061,Femal,1,No,Yes,26,Yes,No phone service,Fiber optic,No internet service,Yes,No internet service,No,No internet service,Yes,MONTH-TO-MONTH,No,Mailed check,75.99,1983.99,NO
CUST-7618,Female,0,No,No,59,No,No phone service,No,No internet service,No internet service,No internet service,No internet service,No internet service,No internet service,Month to month,Yes,Credit card,20.0,1174.14,no
CUST-7465, Male,0,No,No,32,Yes,No,DSL,No internet service,Yes,Yes,Yes,Yes,No internet service,2 year,No,Electronic check,73.91,2374.09,No
CUST-7410,Male,0,No,Yes,43,Yes,Yes,Fiber optic,No internet service,Yes,Yes,Yes,No internet service,Yes,Two year,Yes,Bank transfer,103.98,4465.55,no
CUST-7969,FEMALE,0,Yes,No,59,Yes,No phone service,DSL,Yes,No,No internet service,No internet service,Yes,No internet service,Month-to-month,Yes,Bank transfer,60.2,3544.07, Yes
CUST-8212, Male,0,Yes,Yes,9,Yes,No,DSL,No,No,No internet service,No internet service,No,No internet service,Month to month,No,Credit card,43.02,386.35,
CUST-7425,Male,0,Yes,Yes,15,Yes,Yes,No,No internet service,No internet service,No internet service,No internet service,No internet service,No internet service,month-to-month,Yes,Credit card,26.25,398.69,no
CUST-8209,female,0,Yes,Yes,33,Yes,No phone service,No,No internet service,No internet service,No internet service,No internet service,No internet service,No internet service,Month-to-month,No,Electronic check,33.41,1096.43,NO
CUST-7678,Female,0,Yes,No,52,Yes,Yes,Fiber optic,No,Yes,No,No internet service,No,No internet service,One year,No,Electronic check,75.48,3917.81,No
CUST-7079,Femal,0,Yes,No,23,Yes,No,DSL,Yes,No internet service,Yes,Yes,No,No internet service,One year,No,Electronic check,71.09,1634.17, No 
CUST-8269, Female ,0,Yes,No,66,Yes,No phone service,No,No internet service,No internet service,No internet service,No internet service,No internet service,No internet service,TWO YEAR,No,Credit card,33.23,2201.89,No
CUST-7686,female,0,Yes,No,0,Yes,Yes,Fiber optic,No internet service,No,Yes,No internet service,No,No,One year,No,Mailed check,84.08,7.48,no
CUST-7491,Male,0,Yes,Yes,0,Yes,Yes,DSL,No internet service,No internet service,No internet service,No,Yes,Yes,ONE YEAR,No,Electronic check,63.59,0.0,NO
CUST-7527, Female ,0,No,Yes,72,Yes,Yes,Fiber optic,Yes,No internet service,No,Yes,No internet service,Yes,ONE YEAR,No,Mailed check,89.94,6473.68,no
CUST-7855, Female ,1,Yes,No,0,Yes,No,No,No internet service,No internet service,No internet service,No internet service,No internet service,No internet service,Two year,Yes,Mailed check,25.62,6.57,NO
CUST-8242,FEMALE,0,Yes,No,11,Yes,No phone service,Fiber optic,No internet service,No internet service,No,No internet service,No,No internet service,ONE YEAR,No,Mailed check,72.89,804.01,No
CUST-7897,FEMALE,0,Yes,No,9,No,No phone service,DSL,Yes,No,No,Yes,No,No internet service,one year,Yes,Bank transfer,61.08,554.29, No 
CUST-8260,FEMALE,0,Yes,No,40,Yes,No,DSL,No,Yes,No,No internet service,No internet service,No internet service,ONE YEAR,Yes,Mailed check,64.49,2577.2,no
CUST-7693,Female,0,Yes,Yes,21,Yes,Yes,Fiber optic,No,Yes,No,Yes,Yes,Yes,Month to month,Yes,Mailed check,89.15,1869.66,Yes
CUST-8219,MALE,1,Yes,Yes,18,Yes,No phone service,Fiber optic,No,No internet service,No,Yes,No internet service,No internet service,month-to-month,Yes,Electronic check,89.41,1614.3,yes
CUST-7420,male,1,No,No,35,Yes,No,No,No internet service,No internet service,No internet service,No internet service,No internet service,No internet service,ONE YEAR,No,Electronic check,34.46,1204.31,Yes
CUST-8234,Male,0,Yes,Yes,37,Yes,No phone service,Fiber optic,Yes,Yes,No internet service,No internet service,No,No internet service,Month-to-month,No,Bank transfer,75.48,2800.67,No
CUST-8102,female,1,Yes,No,46,Yes,Yes,DSL,No internet service,No,No internet service,No internet service,No internet service,No internet service,month-to-month,No,Mailed check,45.99,2119.4,No
CUST-7523, Male,0,No,No,62,Yes,No phone service,Fiber optic,Yes,No internet service,Yes,No internet service,Yes,No internet service,Month-to-month,Yes,Electronic check,94.31,5840.11,no
CUST-7590,male,0,No,No,31,Yes,Yes,DSL,No internet service,Yes,Yes,No internet service,No,No internet service,One year,Yes,,64.38,2000.06, No 
CUST-8221, Male,0,No,No,71,Yes,No,DSL,No internet service,No internet service,No,No internet service,No,No internet service,Month-to-month,Yes,Electronic check,51.82,3671.51, Yes
CUST-7457,male,0,Yes,No,12,Yes,No,No,No internet service,No internet service,No internet service,No internet service,No internet service,No internet service,One year,Yes,Credit card,29.87,360.67,No
CUST-7111,Femal,0,No,Yes,11,Yes,No,DSL,Yes,No internet service,No internet service,Yes,No,No internet service,MONTH-TO-MONTH,Yes,Bank transfer,53.51,585.72, No 
CUST-7819,FEMALE,0,Yes,Yes,24,Yes,Yes,DSL,Yes,No internet service,No internet service,Yes,No,No,Two year,Yes,Bank transfer,60.61,1460.54, No 
CUST-8225, Male,1,No,Yes,68,Yes,No,No,No internet service,No internet service,No internet service,No internet service,No internet service,No internet service,month-to-month,No,Bank transfer,26.44,,NO
CUST-8081,female,0,No,Yes,24,Yes,No phone service,Fiber optic,No,No,No internet service,Yes,No internet service,No,Two year,No,Credit card,88.25,2128.0, Yes
CUST-8277, Male,0,Yes,Yes,54,Yes,Yes,DSL,No internet service,Yes,No internet service,Yes,No,Yes,MONTH-TO-MONTH,No,Mailed check,65.39,3527.75,yes
CUST-7895, Male,0,Yes,Yes,11,Yes,Yes,No,No internet service,No internet service,No internet service,No internet service,No internet service,No internet service,one year,No,Electronic check,34.39,373.51,No
CUST-7910,Male,0,Yes,Yes,14,Yes,Yes,No,No internet service,No internet service,No internet service,No internet service,No internet service,No internet service,Month-to-month,Yes,Electronic check,28.35,403.64,no
CUST-7102,male,1,Yes,No,16,No,No phone service,DSL,No internet service,No,Yes,Yes,Yes,Yes,One year,No,Bank transfer,59.6,947.3,No
CUST-7454,MALE,0,No,No,9,No,No phone service,DSL,Yes,Yes,Yes,No,No,No internet service,MONTH-TO-MONTH,Yes,Credit card,63.5,571.74,no
CUST-8193, Male,0,Yes,Yes,5,Yes,Yes,Fiber optic,Yes,Yes,Yes,No,Yes,No internet service,MONTH-TO-MONTH,No,Electronic check,111.97,566.98,YES
CUST-7663,male,1,No,Yes,10,Yes,No,DSL,Yes,No,Yes,Yes,Yes,Yes,Month to month,Yes,Bank transfer,81.0,812.8,No
CUST-7409, Female ,0,Yes,Yes,39,Yes,No phone service,Fiber optic,No internet service,No,Yes,No internet service,No internet service,Yes,Month-to-month,No,Mailed check,79.29,3086.33,YES
CUST-7813,female,0,No,No,72,Yes,Yes,Fiber optic,No,No internet service,No internet service,No,No internet service,Yes,One year,No,Credit card,80.54,5797.72,no
CUST-7884,FEMALE,0,Yes,No,48,Yes,Yes,Fiber optic,Yes,No internet service,No internet service,No internet service,No internet service,Yes,Month to month,No,Mailed check,80.01,3838.63,YES
CUST-7311, Male,0,Yes,Yes,46,Yes,No,Fiber optic,Yes,Yes,No,Yes,No,No internet service,one year,No,Credit card,94.62,4344.95, No 
CUST-7756,male,0,No,Yes,11,Yes,No,No,No internet service,No internet service,No internet service,No internet service,No internet service,No internet service,2 year,No,Electronic check,29.3,328.13, Yes
CUST-8123,FEMALE,1,Yes,No,50,Yes,No,Fiber optic,No internet service,No internet service,Yes,Yes,No,Yes,MONTH-TO-MONTH,No,Credit card,93.98,, Yes
CUST-8079,MALE,0,Yes,Yes,9,Yes,No,No,No internet service,No internet service,No internet service,No internet service,No internet service,No internet service,TWO YEAR,No,Electronic check,26.8,240.0,no
CUST-8387,female,0,Yes,Yes,57,Yes,No,No,No internet service,No internet service,No internet service,No internet service,No internet service,No internet service,One year,No,Electronic check,27.87,1586.4, No 
CUST-7169,Male,0,No,Yes,27,No,No phone service,Fiber optic,No,No internet service,No,No,No,Yes,Month-to-month,Yes,Electronic check,64.1,1728.98,NO
CUST-8009,female,1,Yes,No,61,Yes,No,DSL,No,No,Yes,Yes,No internet service,No internet service,Two year,No,Bank transfer,63.29,3862.34,No
CUST-7068,female,1,No,Yes,34,Yes,Yes,Fiber optic,Yes,No internet service,No,No,No,Yes,Month-to-month,No,Mailed check,77.49,2628.68,No
CUST-7859,female,0,Yes,Yes,36,No,No phone service,Fiber optic,Yes,Yes,Yes,No internet service,No internet service,Yes,month-to-month,Yes,Mailed check,83.36,2996.66,YES
CUST-7546,Male,0,Yes,No,3,Yes,No,Fiber optic,Yes,Yes,No,No internet service,No,Yes,MONTH-TO-MONTH,Yes,Electronic check,96.17,,yes
CUST-7717,male,0,No,,27,Yes,No phone service,Fiber optic,No,No,No,No internet service,No internet service,No,Month to month,No,Mailed check,81.64,2198.76, Yes
CUST-8366,male,0,Yes,Yes,43,Yes,Yes,Fiber optic,No internet service,Yes,Yes,Yes,No,No internet service,MONTH-TO-MONTH,Yes,Mailed check,84.9,3647.04,yes
CUST-7726,MALE,0,No,Yes,36,Yes,Yes,DSL,No,No,No internet service,Yes,No internet service,No,month-to-month,Yes,Credit card,51.45,1855.41,no
CUST-8355, Male,0,No,Yes,30,Yes,No phone service,Fiber optic,No,Yes,Yes,No,No internet service,Yes,Month-to-month,No,Mailed check,97.43,2930.54,yes
CUST-7649,male,0,Yes,Yes,34,Yes,Yes,DSL,No internet service,No internet service,No internet service,No,No,Yes,Month-to-month,No,Mailed check,61.63,2096.4,No
CUST-8015,male,0,Yes,No,24,Yes,No phone service,DSL,Yes,Yes,Yes,No internet service,Yes,No,Month to month,No,Mailed check,65.47,1574.91,No
CUST-8267, Female ,0,Yes,No,45,Yes,No phone service,Fiber optic,No,No internet service,No internet service,No,Yes,Yes,Month-to-month,No,Credit card,79.38,3569.33,NO
CUST-7252,FEMALE,0,No,Yes,8,Yes,No,No,No internet service,No internet service,No internet service,No internet service,No internet service,No internet service,month-to-month,Yes,Credit card,27.06,225.84, No 
CUST-8224,FEMALE,0,No,No,39,Yes,No,DSL,Yes,No internet service,Yes,No internet service,No,Yes,ONE YEAR,No,Credit card,81.19,3159.89,YES
CUST-8162, Female ,0,No,Yes,60,Yes,Yes,DSL,No,No internet service,No,No,No internet service,No,one year,No,Mailed check,56.29,3374.35, No 
CUST-7134,female,0,No,Yes,3,Yes,No phone service,DSL,No,No,No internet service,No internet service,Yes,Yes,month-to-month,No,Mailed check,72.19,212.92,YES
CUST-7214,female,0,Yes,No,0,Yes,No phone service,DSL,No,No internet service,No,Yes,No internet service,No internet service,Month to month,No,Mailed check,48.71,0.0,yes
CUST-8177,Male,0,No,No,66,Yes,Yes,Fiber optic,Yes,No internet service,Yes,No,No internet service,No,ONE YEAR,Yes,Mailed check,88.17,5812.41, No 
CUST-7985, Male,0,Yes,No,59,Yes,Yes,Fiber optic,No internet service,Yes,Yes,No,No,No internet service,ONE YEAR,Yes,Mailed check,87.72,5179.87, No 
CUST-7953,Female,0,No,Yes,12,Yes,Yes,DSL,No internet service,Yes,Yes,No internet service,No,Yes,TWO YEAR,No,Electronic check,82.11,987.94,Yes
CUST-7658,FEMALE,0,No,No,-17,Yes,Yes,DSL,Yes,Yes,Yes,Yes,Yes,Yes,ONE YEAR,No,Credit card,93.01,1589.97,No
CUST-7127,Male,0,No,No,56,No,No phone service,Fiber optic,No,No internet service,Yes,No internet service,Yes,No internet service,MONTH-TO-MONTH,No,Bank transfer,74.07,4151.02,YES
CUST-8192,Female,0,Yes,Yes,52,Yes,Yes,Fiber optic,Yes,No,Yes,No,Yes,No internet service,2 year,Yes,Credit card,95.14,4940.27, No 
CUST-8364, Female ,0,Yes,No,57,Yes,No phone service,DSL,Yes,Yes,Yes,No,Yes,Yes,Month-to-month,Yes,Credit card,74.09,4214.07, Yes
CUST-8087,Male,0,No,Yes,7,Yes,No,Fiber optic,No,No internet service,Yes,No internet service,Yes,No internet service,Month to month,No,Bank transfer,86.06,600.11, Yes
CUST-7237,Femal,1,No,Yes,50,No,No phone service,No,No internet service,No internet service,No internet service,No internet service,No internet service,No internet service,Two year,No,Credit card,20.0,1001.44, Yes
CUST-8318, Male,0,No,No,42,Yes,Yes,Fiber optic,No internet service,No internet service,No,Yes,No internet service,No,ONE YEAR,Yes,Electronic check,81.23,3409.99,No
CUST-8063,Femal,0,Yes,No,22,Yes,Yes,Fiber optic,Yes,Yes,No,Yes,No,Yes,TWO YEAR,Yes,Bank transfer,92.02,2021.63,NO
CUST-7459, Male,0,No,No,55,Yes,No phone service,DSL,No,Yes,Yes,Yes,Yes,No internet service,one year,No,Bank transfer,78.36,4313.62,NO
CUST-8100,FEMALE,1,Yes,No,70,Yes,No phone service,Fiber optic,No internet service,No,Yes,Yes,No internet service,No internet service,month-to-month,Yes,Mailed check,78.83,5524.36,yes
CUST-7055,MALE,0,Yes,,26,No,No phone service,Fiber optic,No,No internet service,Yes,Yes,Yes,No,One year,No,Mailed check,81.34,2120.47,NO
CUST-7769, Female ,0,No,,42,Yes,No phone service,Fiber optic,No internet service,Yes,No internet service,No,Yes,Yes,2 year,No,Mailed check,104.22,4381.92,
CUST-7074,MALE,1,No,Yes,3,Yes,No phone service,Fiber optic,No internet service,No,No,No,No internet service,Yes,Month-to-month,Yes,Credit card,80.84,251.15, Yes
CUST-8133,Female,0,Yes,Yes,65,Yes,No,Fiber optic,No internet service,No internet service,Yes,Yes,No internet service,No,Month to month,No,Electronic check,87.73,5698.33, Yes
CUST-7105,Femal,0,No,Yes,17,Yes,No phone service,Fiber optic,No,No internet service,No internet service,No,No,No,2 year,Yes,Mailed check,74.98,1283.05,NO
CUST-7163,MALE,0,Yes,No,44,Yes,No phone service,Fiber optic,Yes,No internet service,No,No internet service,No,Yes,2 year,No,Electronic check,89.08,3916.84,YES
CUST-8071, Male,0,Yes,No,8,Yes,No,Fiber optic,No,No internet service,No internet service,No,No,No,month-to-month,No,Electronic check,78.12,615.73,NO
CUST-7896, Female ,0,Yes,No,11,Yes,No phone service,No,No internet service,No internet service,No internet service,No internet service,No internet service,No internet service,Month-to-month,Yes,Bank transfer,31.34,349.89,YES
CUST-7894,Femal,0,Yes,No,23,Yes,No phone service,DSL,No,Yes,No internet service,Yes,Yes,No,MONTH-TO-MONTH,Yes,Credit card,59.81,1372.11, Yes
CUST-8035, Male,0,Yes,No,7,Yes,Yes,No,No internet service,No internet service,No internet service,No internet service,No internet service,No internet service,Month-to-month,No,Credit card,28.45,195.39,yes
CUST-7639,Femal,0,No,No,32,Yes,No phone service,Fiber optic,No,No,No internet service,No,Yes,No internet service,Month-to-month,No,Credit card,76.14,2436.19,Yes
CUST-8369, Female ,0,No,Yes,6,Yes,No,No,No internet service,No internet service,No internet service,No internet service,No internet service,No internet service,one year,Yes,,32.3,188.45,yes
CUST-8142,MALE,0,Yes,No,69,Yes,No phone service,Fiber optic,Yes,No,Yes,No internet service,No internet service,No internet service,TWO YEAR,Yes,Credit card,94.07,6485.04,Yes
CUST-7518,MALE,0,No,No,0,Yes,Yes,No,No internet service,No internet service,No internet service,No internet service,No internet service,No internet service,Two year,No,Mailed check,31.93,9.43, No 
CUST-8218,Femal,0,No,No,29,Yes,Yes,DSL,No,No,Yes,No internet service,Yes,No internet service,MONTH-TO-MONTH,No,Credit card,56.81,1648.73,no
CUST-7591, Male,0,No,Yes,53,No,No phone service,DSL,No internet service,Yes,No internet service,No internet service,No internet service,Yes,Month-to-month,No,Mailed check,56.35,2978.03,no
CUST-8256,Male,0,No,No,46,Yes,No,DSL,No,No internet service,Yes,No internet service,Yes,No internet service,2 year,Yes,Credit card,59.7,2750.13, No 
CUST-7770,FEMALE,0,Yes,No,67,Yes,No phone service,DSL,Yes,No,No internet service,No internet service,No internet service,No,2 year,No,Bank transfer,60.07,4016.88,No
CUST-7412,male,0,No,Yes,38,Yes,Yes,Fiber optic,Yes,No,No,No,No,No,MONTH-TO-MONTH,No,Mailed check,76.15,,Yes
CUST-8379,Male,1,No,Yes,42,Yes,No,DSL,No internet service,No,No internet service,Yes,Yes,No internet service,Month to month,Yes,Electronic check,60.76,2560.18,NO
CUST-7555, Female ,0,Yes,No,62,Yes,Yes,Fiber optic,Yes,No internet service,No,No,Yes,Yes,Month-to-month,Yes,Bank transfer,79.75,4949.63,YES
CUST-7543,MALE,0,No,No,1,Yes,Yes,DSL,No internet service,Yes,No,No,No internet service,No internet service,two year,Yes,Bank transfer,62.82,65.99,yes
CUST-7874, Female ,1,No,Yes,10,Yes,No phone service,No,No internet service,No internet service,No internet service,No internet service,No internet service,No internet service,Month-to-month,No,Electronic check,26.69,259.58, No 
CUST-7536, Male,0,No,Yes,41,Yes,Yes,No,No internet service,No internet service,No internet service,No internet service,No internet service,No internet service,TWO YEAR,Yes,Bank transfer,26.23,1076.14,NO
CUST-7854,female,0,No,No,43,Yes,Yes,Fiber optic,No,Yes,Yes,Yes,No internet service,No,Month-to-month,No,Credit card,92.43,3984.19,no
CUST-7980,MALE,0,Yes,Yes,60,No,No phone service,DSL,No,No,No internet service,No internet service,No,Yes,Month to month,Yes,Mailed check,53.92,3227.86, No 
CUST-8148,male,0,Yes,No,2,Yes,No,No,No internet service,No internet service,No internet service,No internet service,No internet service,No internet service,one year,Yes,Credit card,26.53,45.43, No 
CUST-7624,male,0,No,Yes,56,Yes,Yes,Fiber optic,No internet service,No,No,No internet service,No internet service,Yes,one year,No,Bank transfer,73.44,4116.23,No
CUST-7406,female,1,,Yes,19,Yes,No,No,No internet service,No internet service,No internet service,No internet service,No internet service,No internet service,Month to month,Yes,Bank transfer,29.94,570.89,Yes
CUST-8262,male,0,No,No,3,Yes,No,DSL,No,No,No,No internet service,Yes,No,MONTH-TO-MONTH,Yes,Bank transfer,60.15,182.53,no
CUST-7644,female,0,Yes,No,51,Yes,Yes,Fiber optic,No,No,No,Yes,No,No,MONTH-TO-MONTH,No,Credit card,75.25,3831.62,YES
CUST-8390,male,0,Yes,,27,Yes,No,Fiber optic,No internet service,No internet service,No internet service,No,No internet service,No internet service,Month-to-month,No,Credit card,79.43,2152.06, Yes
CUST-7446,MALE,0,Yes,Yes,59,Yes,Yes,Fiber optic,Yes,No,Yes,No internet service,Yes,Yes,MONTH-TO-MONTH,Yes,Mailed check,99.25,5846.29, No 
CUST-7664,MALE,0,No,No,54,Yes,Yes,No,No internet service,No internet service,No internet service,No internet service,No internet service,No internet service,Month to month,No,Mailed check,27.68,1495.61,NO
CUST-7997,FEMALE,0,Yes,No,4,Yes,No,Fiber optic,No internet service,Yes,No internet service,Yes,Yes,Yes,2 year,Yes,Credit card,103.46,420.67,No
CUST-7771, Female ,0,No,No,19,Yes,Yes,Fiber optic,No,Yes,No internet service,No,No internet service,No,Two year,Yes,Electronic check,75.57,1442.95, No 
CUST-7479,male,0,Yes,Yes,0,Yes,Yes,DSL,Yes,No internet service,Yes,Yes,No,Yes,One year,Yes,Credit card,77.62,5.27,no
CUST-8065,female,1,No,No,54,Yes,No,DSL,No,No,No internet service,Yes,Yes,No internet service,Month to month,Yes,Bank transfer,61.54,3318.01,NO
CUST-7981,FEMALE,0,Yes,No,62,Yes,Yes,Fiber optic,Yes,Yes,No internet service,No,Yes,Yes,Month to month,Yes,Bank transfer,93.31,5777.6,Yes
CUST-8352,MALE,0,No,Yes,4,Yes,Yes,DSL,No,No internet service,No internet service,No internet service,No,Yes,one year,No,Credit card,70.08,281.67,NO
CUST-7261,Male,0,No,Yes,43,Yes,No phone service,No,No internet service,No internet service,No internet service,No internet service,No internet service,No internet service,ONE YEAR,Yes,Credit card,33.56,,NO
CUST-7294, Female ,0,Yes,No,72,Yes,No,No,No internet service,No internet service,No internet service,No internet service,No internet service,No internet service,Month-to-month,No,Electronic check,31.61,2266.15,No
CUST-7721,Male,0,Yes,No,6,Yes,Yes,Fiber optic,No internet service,No internet service,Yes,No,No,No,one year,Yes,Credit card,87.53,521.79, No 
CUST-8388,,0,No,No,11,Yes,No phone service,No,No internet service,No internet service,No internet service,No internet service,No internet service,No internet service,MONTH-TO-MONTH,No,Electronic check,33.38,376.87,YES
CUST-8156,Male,0,,Yes,5,Yes,No,DSL,No internet service,Yes,No,Yes,Yes,No internet service,One year,Yes,Electronic check,64.24,319.83,no
CUST-7979, Male,0,No,Yes,5,Yes,No phone service,DSL,No,No internet service,No internet service,Yes,No,No,month-to-month,Yes,Bank transfer,48.65,235.52,yes
CUST-8368,male,0,Yes,No,9,Yes,No phone service,Fiber optic,Yes,No,No,No internet service,Yes,No internet service,Month to month,Yes,Credit card,80.66,722.22,No
CUST-7856,FEMALE,0,No,Yes,50,Yes,Yes,Fiber optic,Yes,No,No internet service,No internet service,No,Yes,two year,Yes,Bank transfer,87.26,4358.87,yes
CUST-7159,FEMALE,0,Yes,Yes,67,No,No phone service,No,No internet service,No internet service,No internet service,No internet service,No internet service,No internet service,two year,Yes,Mailed check,20.0,1332.37,NO
CUST-7989, Female ,0,Yes,No,63,Yes,No phone service,Fiber optic,No internet service,Yes,No internet service,No,No internet service,No,Month-to-month,No,Bank transfer,67.75,4273.1,no
CUST-7650, Female ,0,No,Yes,10,Yes,Yes,Fiber optic,Yes,No,No,No,No internet service,No,Month-to-month,No,Mailed check,77.44,784.29,yes
CUST-7609,MALE,0,No,No,32,Yes,No,Fiber optic,No internet service,No internet service,No internet service,No,No,No,Two year,Yes,Bank transfer,69.96,2229.95,No
CUST-8208,Female,0,No,No,9,Yes,No,Fiber optic,Yes,Yes,Yes,No,Yes,No,month-to-month,Yes,Mailed check,101.57,913.78,yes
CUST-7333,female,0,,Yes,11,Yes,No,No,No internet service,No internet service,No internet service,No internet service,No internet service,No internet service,Month to month,No,Mailed check,28.39,319.08,no
CUST-7955,Femal,0,Yes,Yes,6,Yes,No phone service,Fiber optic,Yes,No,No internet service,No internet service,Yes,Yes,TWO YEAR,Yes,Bank transfer,90.29,551.02, Yes
CUST-7279,Femal,1,Yes,No,29,No,No phone service,Fiber optic,No internet service,No internet service,Yes,No internet service,No,Yes,MONTH-TO-MONTH,Yes,Electronic check,79.35,2294.51,yes
CUST-8205,FEMALE,0,No,No,13,Yes,Yes,Fiber optic,No internet service,No internet service,No internet service,No,No internet service,Yes,one year,No,Mailed check,89.06,1162.21, No 
CUST-7698,female,1,No,No,59,Yes,Yes,DSL,No,No internet service,No,No,No,No,MONTH-TO-MONTH,No,Mailed check,49.17,2899.39, No 
CUST-8072,MALE,0,No,No,28,Yes,Yes,Fiber optic,No,No,Yes,Yes,Yes,No internet service,One year,Yes,Electronic check,82.0,2298.21,No
CUST-7629,FEMALE,0,Yes,No,58,Yes,Yes,Fiber optic,No,Yes,No internet service,No internet service,No,Yes,Month-to-month,Yes,Bank transfer,92.5,5372.15,NO
CUST-7533,Female,0,No,Yes,69,Yes,No,Fiber optic,Yes,Yes,No,No,Yes,No,One year,Yes,Mailed check,83.39,5745.95, No 
CUST-8237,Femal,0,No,Yes,9,Yes,No phone service,DSL,No internet service,Yes,No internet service,No internet service,Yes,Yes,MONTH-TO-MONTH,No,Bank transfer,71.59,635.79,yes
CUST-7736,FEMALE,0,No,Yes,26,Yes,No phone service,Fiber optic,Yes,No,No,Yes,Yes,Yes,one year,No,Bank transfer,87.59,2271.19,YES
CUST-7014,female,1,No,No,37,Yes,Yes,Fiber optic,No internet service,No,No internet service,No internet service,No internet service,Yes,MONTH-TO-MONTH,No,Credit card,93.84,3468.17,YES
CUST-7682, Male,0,Yes,No,36,Yes,No phone service,DSL,Yes,No internet service,Yes,No internet service,No internet service,No internet service,month-to-month,Yes,Bank transfer,69.52,2505.91,No
CUST-7935,Male,0,No,Yes,44,Yes,No,DSL,No internet service,No internet service,Yes,No internet service,Yes,No,2 year,Yes,Credit card,53.04,2327.76,no
CUST-7392,Male,0,,Yes,1,Yes,No,DSL,No internet service,No internet service,No,No internet service,Yes,No,2 year,No,Electronic check,57.2,49.12, Yes
CUST-7422,MALE,0,Yes,Yes,7,Yes,No,DSL,Yes,Yes,Yes,Yes,No internet service,No,One year,Yes,Mailed check,68.51,469.62,No
CUST-8266,FEMALE,0,No,No,48,Yes,No,Fiber optic,No,No,No internet service,No,No,Yes,Month-to-month,Yes,Mailed check,84.28,4051.56,Yes
CUST-7462, Male,1,No,No,31,Yes,Yes,Fiber optic,Yes,No internet service,No internet service,No,No,Yes,Month to month,No,Credit card,83.84,2596.54, Yes
CUST-7931,Male,0,Yes,,12,Yes,Yes,Fiber optic,No,No,No internet service,No,No internet service,No,MONTH-TO-MONTH,Yes,Bank transfer,67.99,814.98,no
CUST-8199, Female ,0,No,No,20,Yes,No phone service,Fiber optic,No internet service,No internet service,Yes,Yes,No internet service,No internet service,month-to-month,No,Electronic check,89.64,1791.11,NO
CUST-7801,Femal,0,No,No,68,Yes,No phone service,Fiber optic,No,Yes,No,No,No,No internet service,MONTH-TO-MONTH,No,Credit card,78.55,5343.5,No
CUST-8285,Female,0,No,Yes,26,Yes,Yes,DSL,Yes,No,Yes,No,Yes,No,One year,Yes,Credit card,75.33,1948.83,NO
CUST-7999, Male,0,No,No,46,Yes,No phone service,DSL,No internet service,No internet service,Yes,No internet service,No internet service,No internet service,Two year,No,Bank transfer,48.06,2219.42, No 
CUST-8161, Female ,0,Yes,No,31,Yes,No phone service,Fiber optic,No,No internet service,Yes,No,No internet service,No,MONTH-TO-MONTH,No,Electronic check,83.77,2598.83,YES
CUST-7619,FEMALE,No,No,No,67,Yes,No,Fiber optic,No internet service,Yes,Yes,Yes,No,No,MONTH-TO-MONTH,No,Bank transfer,96.46,6472.25,No
CUST-8136,male,0,Yes,No,58,Yes,No,Fiber optic,No internet service,No internet service,No,No internet service,Yes,No internet service,MONTH-TO-MONTH,Yes,Credit card,77.72,4505.92,Yes
CUST-8069,Male,0,No,No,8,No,No phone service,Fiber optic,No,No internet service,No internet service,No internet service,No,No,month-to-month,No,Mailed check,66.35,528.5,YES
CUST-7236,female,0,Yes,Yes,55,Yes,Yes,Fiber optic,Yes,No,No internet service,No,Yes,Yes,Month-to-month,Yes,Electronic check,104.11,5733.63,yes
CUST-7857,Femal,0,Yes,No,8,Yes,Yes,DSL,Yes,Yes,No,No internet service,Yes,No,TWO YEAR,Yes,Mailed check,71.73,, No 
CUST-7466, Female ,1,No,Yes,38,Yes,No,DSL,No,Yes,Yes,Yes,Yes,No internet service,MONTH-TO-MONTH,Yes,Mailed check,73.65,,NO
CUST-8034, Male,0,Yes,No,41,Yes,No phone service,No,No internet service,No internet service,No internet service,No internet service,No internet service,No internet service,Two year,Yes,Credit card,27.02,1111.78,NO
CUST-7753,Femal,0,Yes,Yes,0,No,No phone service,Fiber optic,Yes,No,Yes,Yes,Yes,No internet service,One year,No,Electronic check,99.57,2.2,no
CUST-7291,FEMALE,0,No,No,55,Yes,No phone service,DSL,No internet service,No,Yes,No internet service,Yes,No,month-to-month,No,Electronic check,59.42,3265.85, Yes
CUST-7233, Male,0,No,Yes,34,No,No phone service,No,No internet service,No internet service,No internet service,No internet service,No internet service,No internet service,Month to month,No,Bank transfer,20.0,682.32, Yes
CUST-7741,Femal,0,Yes,No,51,Yes,No,No,No internet service,No internet service,No internet service,No internet service,No internet service,No internet service,MONTH-TO-MONTH,Yes,Electronic check,31.62,1616.51,no
CUST-8138,Male,0,No,Yes,17,Yes,No,Fiber optic,No internet service,No,No,Yes,Yes,No,One year,Yes,Mailed check,75.57,1282.51, No 
CUST-7409, Female ,0,Yes,Yes,39,Yes,No phone service,Fiber optic,No internet service,No,Yes,No internet service,No internet service,Yes,Month-to-month,No,Mailed check,79.29,3086.33,YES
CUST-7850,male,1,Yes,No,27,Yes,No phone service,Fiber optic,No internet service,No internet service,No internet service,No internet service,No internet service,Yes,2 year,Yes,Bank transfer,80.43,2173.17,NO
CUST-7934,Femal,0,No,Yes,43,Yes,No,Fiber optic,No internet service,Yes,No internet service,No,No,No internet service,month-to-month,Yes,Credit card,72.1,3102.89,no
CUST-8134, Female ,1,No,Yes,48,Yes,No,No,No internet service,No internet service,No internet service,No internet service,No internet service,No internet service,MONTH-TO-MONTH,Yes,Credit card,27.01,1298.01,Yes
CUST-7319,male,0,No,No,44,No,No phone service,No,No internet service,No internet service,No internet service,No internet service,No internet service,No internet service,one year,No,Mailed check,20.0,872.55,NO
CUST-7742,Male,1,No,Yes,45,Yes,Yes,No,No internet service,No internet service,No internet service,No internet service,No internet service,No internet service,MONTH-TO-MONTH,No,Credit card,34.75,1560.04,Yes
CUST-8170, Male,0,No,No,48,Yes,No,Fiber optic,No internet service,Yes,No,No internet service,Yes,No internet service,Month-to-month,Yes,Bank transfer,90.84,4354.95,Yes
CUST-8203, Male,0,No,Yes,66,Yes,No,Fiber optic,No,No,No internet service,Yes,No,No,ONE YEAR,No,Bank transfer,73.58,4856.91,no
CUST-7973,FEMALE,1,No,No,66,Yes,No phone service,No,No internet service,No internet service,No internet service,No internet service,No internet service,No internet service,MONTH-TO-MONTH,No,Mailed check,26.34,1732.91, No 
CUST-8201,Femal,0,Yes,Yes,4,Yes,Yes,DSL,Yes,Yes,Yes,No,Yes,No,month-to-month,Yes,Mailed check,70.64,286.98, Yes
CUST-8332, Male,0,Yes,Yes,29,Yes,No phone service,DSL,No internet service,No,No internet service,No,No,No,Two year,No,Credit card,47.21,1372.22, No 
CUST-7785,Female,0,,No,57,Yes,Yes,DSL,No,No,Yes,Yes,No,No internet service,MONTH-TO-MONTH,No,Credit card,56.91,3244.57, No 
CUST-7059, Female ,1,Yes,Yes,12,Yes,Yes,DSL,Yes,No internet service,No internet service,No,No internet service,Yes,TWO YEAR,Yes,Mailed check,62.39,746.16,NO
CUST-8175,FEMALE,0,Yes,Yes,4,Yes,No phone service,Fiber optic,Yes,No internet service,No,No internet service,No internet service,No internet service,month-to-month,No,Credit card,84.49,331.79, No 
CUST-7914,Male,0,No,Yes,29,Yes,No phone service,Fiber optic,Yes,No,No internet service,No internet service,Yes,Yes,MONTH-TO-MONTH,No,Credit card,89.75,2597.55, Yes
CUST-7461,Male,0,No,Yes,67,Yes,No,DSL,No,Yes,No,No,No internet service,No internet service,One year,No,Bank transfer,58.79,3945.07,No
CUST-8271,FEMALE,0,Yes,Yes,0,Yes,No phone service,No,No internet service,No internet service,No internet service,No internet service,No internet service,No internet service,MONTH-TO-MONTH,Yes,Electronic check,25.97,0.0,Yes
CUST-7534,FEMALE,1,Yes,Yes,41,Yes,No,No,No internet service,No internet service,No internet service,No internet service,No internet service,No internet service,MONTH-TO-MONTH,No,Electronic check,30.11,1232.57,YES
CUST-7628,FEMALE,0,No,Yes,20,No,No phone service,Fiber optic,Yes,No,Yes,No,Yes,No,one year,No,Bank transfer,85.44,1702.36,No
CUST-8210,Male,0,No,Yes,54,Yes,Yes,DSL,No,Yes,Yes,Yes,No,No,One year,Yes,Bank transfer,64.82,3490.96, No 
CUST-7956,Male,0,Yes,No,25,Yes,Yes,DSL,No internet service,No internet service,Yes,No,No,Yes,one year,No,Electronic check,65.4,1643.55,no
CUST-8279,Male,1,Yes,Yes,21,Yes,No,DSL,No internet service,No,No,No,Yes,No internet service,month-to-month,No,Mailed check,50.38,1052.04,yes
CUST-7401,Femal,0,No,Yes,71,Yes,Yes,DSL,No internet service,No,No,Yes,No internet service,No,Month to month,Yes,Credit card,61.6,4381.82,No
CUST-7930,Female,0,Yes,Yes,18,No,No phone service,Fiber optic,No,Yes,No,No internet service,No,Yes,MONTH-TO-MONTH,No,Credit card,72.37,1309.29,NO
CUST-7371,MALE,0,No,Yes,66,Yes,No phone service,DSL,Yes,Yes,No,No,No internet service,No,2 year,Yes,Bank transfer,55.76,3682.86,no
CUST-7399, Female ,1,Yes,No,2,Yes,No,DSL,Yes,No internet service,No,No,No internet service,No,Month to month,Yes,Mailed check,49.92,102.77,Yes
CUST-7921,FEMALE,0,Yes,Yes,27,No,No phone service,DSL,No internet service,Yes,No internet service,No internet service,Yes,No internet service,Month to month,No,Credit card,47.21,1271.78,NO
CUST-8321, Male,0,No,No,4,Yes,Yes,No,No internet service,No internet service,No internet service,No internet service,No internet service,No internet service,MONTH-TO-MONTH,Yes,Credit card,29.59,119.24,NO
CUST-7944,Femal,0,No,Yes,36,Yes,No,Fiber optic,No internet service,No,No,No internet service,No,No,month-to-month,No,Bank transfer,80.03,2882.54,yes
CUST-8171,Male,0,Yes,Yes,25,Yes,Yes,DSL,No internet service,No,No,No,Yes,No internet service,MONTH-TO-MONTH,No,Credit card,62.82,1578.93,YES
CUST-7037,male,0,Yes,Yes,2,Yes,No phone service,Fiber optic,No,No internet service,No,Yes,No internet service,No internet service,MONTH-TO-MONTH,Yes,Mailed check,80.96,168.45, Yes
CUST-7589,Male,0,Yes,No,45,Yes,Yes,DSL,No internet service,No,Yes,No,Yes,Yes,one year,Yes,Electronic check,69.45,3133.1, No 
CUST-7673,Male,0,Yes,Yes,34,Yes,No,DSL,No internet service,No,No,No,Yes,No internet service,Month to month,No,Bank transfer,66.72,2267.85,YES
CUST-7862, Female ,0,Yes,No,61,No,No phone service,No,No internet service,No internet service,No internet service,No internet service,No internet service,No internet service,two year,No,Electronic check,20.0,1212.6,
CUST-7106, Male,0,No,No,42,Yes,Yes,DSL,No internet service,Yes,No,No internet service,No internet service,No internet service,Month-to-month,No,Credit card,55.94,2348.73, Yes
CUST-7322,female,0,No,No,47,No,No phone service,Fiber optic,No internet service,Yes,No internet service,Yes,Yes,Yes,MONTH-TO-MONTH,Yes,Mailed check,79.38,3728.77,NO
CUST-7351, Female ,0,No,No,8,Yes,No phone service,Fiber optic,No internet service,No internet service,No internet service,No internet service,No,No internet service,ONE YEAR,No,Electronic check,78.17,620.44,No
CUST-7356,FEMALE,1,Yes,No,31,Yes,No phone service,DSL,No internet service,No,No internet service,No,No,Yes,ONE YEAR,Yes,Electronic check,59.73,1854.62,No
CUST-7835,Male,0,Yes,Yes,58,Yes,No phone service,DSL,Yes,Yes,No,No,Yes,Yes,ONE YEAR,No,Bank transfer,70.36,4081.29,no
CUST-7715,Femal,0,Yes,No,70,Yes,No phone service,Fiber optic,No internet service,No,No,No internet service,Yes,No,month-to-month,No,Electronic check,83.13,5816.21,NO
CUST-7251,male,0,No,No,8,Yes,Yes,Fiber optic,No internet service,No,Yes,No,Yes,No,Two year,Yes,Bank transfer,88.7,708.66,Yes
CUST-8169,female,0,Yes,,27,No,No phone service,Fiber optic,Yes,No internet service,No internet service,Yes,Yes,No,Month-to-month,Yes,Bank transfer,87.87,2375.76, No 
CUST-8347,MALE,0,No,Yes,51,Yes,No phone service,Fiber optic,No,No internet service,Yes,Yes,No internet service,Yes,month-to-month,No,Bank transfer,84.72,4322.7,YES
CUST-7847, Male,0,No,Yes,61,Yes,No phone service,DSL,No internet service,No,No,Yes,No,Yes,month-to-month,No,Electronic check,61.43,3745.84, Yes
CUST-7390,FEMALE,0,No,No,29,No,No phone service,DSL,No,Yes,Yes,No,No,No,MONTH-TO-MONTH,Yes,Credit card,52.56,1519.93,YES
CUST-7443, Male,0,No,No,52,No,No phone service,No,No internet service,No internet service,No internet service,No internet service,No internet service,No internet service,month-to-month,No,Credit card,20.0,1044.66,no
CUST-7567,Female,0,Yes,Yes,0,No,No phone service,Fiber optic,Yes,No internet service,Yes,Yes,Yes,No internet service,2 year,No,Credit card,81.43,0.0, No 
CUST-7215, Female ,0,No,Yes,28,Yes,Yes,DSL,No,No internet service,Yes,Yes,No internet service,No,Month to month,Yes,Credit card,61.84,1726.6,no
CUST-7338, Female ,0,No,Yes,70,Yes,No,Fiber optic,No internet service,No internet service,No internet service,No,Yes,No,Two year,Yes,Electronic check,74.87,5249.43,NO
CUST-7794,Femal,0,Yes,No,12,Yes,No,Fiber optic,Yes,Yes,Yes,No,No,Yes,month-to-month,Yes,Credit card,93.1,,yes
CUST-7909,Femal,0,Yes,Yes,28,Yes,Yes,DSL,No internet service,No,No internet service,No,No internet service,No internet service,ONE YEAR,Yes,Electronic check,58.55,1634.97,no
CUST-7056,male,0,Yes,No,7,Yes,No,Fiber optic,No,No,No,No internet service,No internet service,Yes,two year,No,Credit card,73.18,507.75,yes
CUST-7668,Femal,0,Yes,Yes,2,Yes,No,Fiber optic,No,No,No,No internet service,Yes,No,Two year,No,Electronic check,77.53,, No 
CUST-7632,FEMALE,0,No,No,10,Yes,No phone service,Fiber optic,No internet service,No,Yes,No,Yes,No internet service,Month-to-month,No,Mailed check,81.11,809.23,yes
CUST-7681,MALE,0,Yes,Yes,5,Yes,Yes,DSL,No,Yes,No,No,No internet service,Yes,Two year,No,Bank transfer,58.12,300.04, No 
CUST-7803,female,0,No,Yes,68,Yes,Yes,Fiber optic,No internet service,No internet service,Yes,No internet service,Yes,No,month-to-month,Yes,Bank transfer,76.3,5183.53,Yes
CUST-7181, Female ,0,Yes,No,13,Yes,No,Fiber optic,No internet service,No internet service,Yes,No,Yes,No internet service,MONTH-TO-MONTH,Yes,Credit card,81.32,1064.2, Yes
CUST-7053,female,0,Yes,No,56,Yes,No phone service,DSL,Yes,Yes,Yes,Yes,No internet service,No internet service,month-to-month,Yes,Electronic check,65.72,3682.09,yes
CUST-8137,male,0,Yes,Yes,66,Yes,No phone service,DSL,No,Yes,No internet service,No internet service,No,No,Two year,Yes,Electronic check,55.88,3693.63, No 
CUST-7135, Female ,0,Yes,Yes,3,Yes,No phone service,DSL,No,Yes,No internet service,No internet service,Yes,No internet service,one year,Yes,Bank transfer,54.25,166.43,NO
CUST-7346,female,0,No,No,3,Yes,Yes,Fiber optic,No,No internet service,Yes,No,No,No,ONE YEAR,Yes,Credit card,80.25,247.04,YES
CUST-7231,MALE,0,Yes,No,50,Yes,Yes,Fiber optic,Yes,No,Yes,Yes,No,Yes,Month-to-month,Yes,Mailed check,94.57,4732.26, No 
CUST-7151, Male,0,Yes,No,0,Yes,No,DSL,Yes,Yes,No internet service,No internet service,No internet service,No,month-to-month,Yes,Bank transfer,58.65,5.82,yes
CUST-7500,Femal,0,Yes,,46,No,No phone service,Fiber optic,Yes,Yes,No internet service,No internet service,No internet service,No internet service,one year,Yes,Credit card,77.04,3537.72,NO
CUST-8243,FEMALE,0,Yes,No,24,Yes,Yes,Fiber optic,No,No,No internet service,Yes,No internet service,Yes,2 year,No,Electronic check,95.38,2289.62,NO
CUST-7827,Male,0,No,No,68,Yes,Yes,DSL,No internet service,No,No internet service,No,Yes,No,month-to-month,No,Bank transfer,58.81,4008.53,YES
CUST-7230,FEMALE,0,Yes,Yes,71,Yes,No,DSL,Yes,Yes,No,No,No internet service,No,One year,Yes,Credit card,69.16,4918.04, No 
CUST-7925,male,0,Yes,Yes,29,Yes,No phone service,Fiber optic,No,No internet service,Yes,No,No,Yes,TWO YEAR,Yes,Bank transfer,83.46,2411.43,yes
CUST-7524,Female,0,Yes,Yes,58,Yes,No,No,No internet service,No internet service,No internet service,No internet service,No internet service,No internet service,Month-to-month,No,Electronic check,30.29,1759.25,yes
CUST-8105,female,0,No,Yes,15,Yes,Yes,DSL,No internet service,No internet service,No internet service,No internet service,No,No,Two year,Yes,Bank transfer,55.34,835.65,No
CUST-7021,MALE,0,No,No,65,Yes,Yes,No,No internet service,No internet service,No internet service,No internet service,No internet service,No internet service,MONTH-TO-MONTH,No,Credit card,32.65,2120.36,No
CUST-7405,Femal,0,Yes,No,2,Yes,Yes,No,No internet service,No internet service,No internet service,No internet service,No internet service,No internet service,One year,Yes,Bank transfer,31.99,61.52, No 
CUST-7257,MALE,0,Yes,Yes,32,Yes,No phone service,Fiber optic,Yes,No,No,Yes,No,No,TWO YEAR,No,Electronic check,86.7,2769.8,NO
CUST-7929, Male,0,Yes,Yes,66,Yes,No phone service,Fiber optic,No internet service,No internet service,No,No,Yes,Yes,Month-to-month,Yes,Electronic check,82.88,5477.68,No
CUST-7700,male,1,No,No,50,Yes,Yes,Fiber optic,No internet service,Yes,Yes,No internet service,No internet service,No,ONE YEAR,No,Electronic check,83.67,4178.02,no
CUST-7388,Female,0,No,Yes,2,Yes,No phone service,DSL,Yes,Yes,Yes,Yes,Yes,Yes,Month-to-month,Yes,Credit card,87.78,171.64,no
CUST-7694, Male,0,Yes,No,47,Yes,Yes,DSL,No internet service,No internet service,Yes,No,No internet service,No,Two year,No,Mailed check,53.01,2500.23, No 
CUST-7525,MALE,0,No,Yes,24,Yes,Yes,DSL,No,No,No,Yes,No internet service,No internet service,Two year,No,Electronic check,60.03,1447.63,No
CUST-8280,Male,0,Yes,No,8,Yes,No,Fiber optic,Yes,Yes,No,Yes,No,No internet service,month-to-month,Yes,Bank transfer,94.62,751.05,yes
CUST-7185,FEMALE,0,No,No,61,Yes,No,Fiber optic,Yes,No internet service,No internet service,No,No internet service,Yes,two year,Yes,Bank transfer,90.27,5501.98,yes
CUST-7942, Male,0,Yes,Yes,26,Yes,Yes,No,No internet service,No internet service,No internet service,No internet service,No internet service,No internet service,Two year,Yes,Mailed check,25.77,666.84,No
CUST-7043,male,0,Yes,Yes,28,Yes,No,DSL,No,No,No,Yes,No,No internet service,Month-to-month,No,Mailed check,70.65,1980.23,Yes
CUST-7473,female,0,Yes,No,25,No,No phone service,No,No internet service,No internet service,No internet service,No internet service,No internet service,No internet service,one year,No,Bank transfer,20.0,496.85,NO
CUST-7852,FEMALE,0,No,Yes,2,No,No phone service,DSL,Yes,Yes,No internet service,Yes,Yes,No,2 year,Yes,Electronic check,62.3,120.42,Yes
CUST-8077,MALE,0,Yes,Yes,15,Yes,Yes,DSL,No,Yes,No,No,Yes,No internet service,one year,No,Mailed check,56.4,839.28,no
CUST-7340, Male,0,No,No,3,Yes,Yes,Fiber optic,No,No internet service,No internet service,No,No,No internet service,ONE YEAR,No,Mailed check,72.18,209.18,yes
CUST-7142,male,0,No,No,-9,No,No phone service,No,No internet service,No internet service,No internet service,No internet service,No internet service,No internet service,One year,No,Bank transfer,20.0,179.31,NO
CUST-8054, Female ,0,Yes,Yes,12,Yes,Yes,DSL,No internet service,No internet service,No internet service,No,Yes,No internet service,Month-to-month,No,Electronic check,62.94,753.5,Yes
CUST-8152,Female,0,Yes,Yes,25,No,No phone service,DSL,No internet service,No internet service,No internet service,Yes,Yes,No,one year,No,Electronic check,61.42,1529.3, No 
CUST-8297,MALE,0,No,No,9,Yes,No phone service,No,No internet service,No internet service,No internet service,No internet service,No internet service,No internet service,Two year,No,Bank transfer,34.95,320.56,NO
CUST-8399,male,0,No,No,3,No,No phone service,Fiber optic,No,No internet service,No internet service,No internet service,Yes,No,One year,Yes,Electronic check,72.13,212.59,no
CUST-7829,male,0,No,Yes,38,Yes,No,No,No internet service,No internet service,No internet service,No internet service,No internet service,No internet service,Month-to-month,Yes,Mailed check,25.69,984.6, No 
CUST-7983,Female,0,No,Yes,41,Yes,No,DSL,Yes,Yes,No internet service,No,Yes,Yes,2 year,Yes,Bank transfer,82.8,3392.95,NO
CUST-7960,female,0,Yes,Yes,45,Yes,No,DSL,Yes,No internet service,No internet service,No,Yes,Yes,Month-to-month,Yes,Credit card,64.93,2919.32,no
CUST-8286,Female,0,,Yes,7,Yes,No phone service,Fiber optic,No,No internet service,Yes,Yes,Yes,No internet service,one year,No,Electronic check,85.41,593.57,YES
CUST-7049,male,0,Yes,Yes,14,Yes,No,DSL,No internet service,No internet service,No internet service,Yes,No internet service,No internet service,Month-to-month,Yes,Bank transfer,61.52,868.67,no
CUST-8351,FEMALE,0,Yes,No,0,Yes,No,No,No internet service,No internet service,No internet service,No internet service,No internet service,No internet service,MONTH-TO-MONTH,Yes,Bank transfer,27.98,6.46,No
CUST-7315, Female ,0,No,No,60,Yes,Yes,Fiber optic,Yes,No,No,No,Yes,No,Month to month,No,Electronic check,89.5,5368.05,No
CUST-7329, Female ,0,No,Yes,53,Yes,No,DSL,No internet service,Yes,No,No internet service,Yes,No internet service,Month-to-month,No,Bank transfer,57.71,3064.13,no
CUST-7512, Male,0,No,No,69,Yes,Yes,Fiber optic,Yes,Yes,Yes,No internet service,No internet service,No internet service,ONE YEAR,No,Credit card,88.46,6106.84,NO
CUST-8315,,0,Yes,Yes,28,Yes,No phone service,DSL,No,Yes,Yes,Yes,Yes,No,ONE YEAR,Yes,Mailed check,78.69,2207.33,NO
CUST-7345,male,1,Yes,No,38,Yes,No,Fiber optic,Yes,No,No,Yes,No,No internet service,Month-to-month,Yes,Mailed check,97.42,3697.76,Yes
CUST-7579,Male,1,No,,7,Yes,No,Fiber optic,Yes,No internet service,No,No,No internet service,No,Month to month,Yes,Credit card,78.85,546.08,Yes
CUST-7832, Male,0,Yes,No,7,Yes,No phone service,Fiber optic,No,No internet service,No internet service,No internet service,Yes,Yes,Month to month,No,Credit card,80.88,574.44,No
CUST-8095, Male,0,No,No,38,Yes,No,Fiber optic,No internet service,No internet service,Yes,Yes,No,No,ONE YEAR,Yes,Mailed check,81.32,3092.02,yes
CUST-7683, Female ,0,Yes,No,57,Yes,Yes,Fiber optic,No internet service,No internet service,No,Yes,No,Yes,month-to-month,Yes,Electronic check,99.45,5667.04,YES
CUST-7988,male,0,Yes,Yes,11,Yes,No phone service,No,No internet service,No internet service,No internet service,No internet service,No internet service,No internet service,MONTH-TO-MONTH,Yes,Credit card,31.05,348.63, No 
CUST-8037,FEMALE,1,Yes,Yes,59,Yes,No,Fiber optic,No internet service,No,No internet service,No internet service,No internet service,No internet service,Month-to-month,Yes,Bank transfer,79.46,4688.23,No
CUST-8295,MALE,0,Yes,No,49,Yes,No,DSL,No internet service,No,No,Yes,Yes,Yes,month-to-month,No,Credit card,58.86,2887.56,NO
CUST-7819,FEMALE,0,Yes,Yes,24,Yes,Yes,DSL,Yes,No internet service,No internet service,Yes,No,No,Two year,Yes,Bank transfer,60.61,1460.54, No 
CUST-8326,male,1,Yes,No,65,Yes,No,DSL,No internet service,Yes,No internet service,Yes,Yes,No internet service,MONTH-TO-MONTH,No,Bank transfer,61.94,4031.43,No
CUST-7772,Femal,0,No,No,32,Yes,No,Fiber optic,Yes,No internet service,No internet service,No internet service,Yes,No,ONE YEAR,Yes,Mailed check,84.26,2705.93,No
CUST-8160,male,0,No,No,53,Yes,Yes,DSL,Yes,Yes,No,No,Yes,No,ONE YEAR,Yes,Bank transfer,67.03,3559.89,NO
CUST-7066,MALE,0,Yes,Yes,19,Yes,Yes,Fiber optic,Yes,No,No internet service,No internet service,Yes,No,one year,No,Credit card,82.01,1568.14,no
CUST-8181,male,1,Yes,Yes,25,Yes,No,Fiber optic,Yes,Yes,No internet service,Yes,No,No,2 year,No,Electronic check,76.54,1920.09,Yes
CUST-7038,female,1,No,No,14,Yes,No,No,No internet service,No internet service,No internet service,No internet service,No internet service,No internet service,One year,No,Electronic check,31.87,438.3, No 
CUST-7932,Femal,No,No,No,43,Yes,Yes,Fiber optic,No,No,No internet service,Yes,No,No internet service,2 year,No,Electronic check,81.68,3506.12,NO
CUST-8072,MALE,0,No,No,28,Yes,Yes,Fiber optic,No,No,Yes,Yes,Yes,No internet service,One year,Yes,Electronic check,82.0,2298.21,No
CUST-7220,male,0,Yes,No,64,Yes,Yes,Fiber optic,No internet service,No internet service,Yes,Yes,Yes,No,Month-to-month,No,Bank transfer,86.37,5534.54,YES
CUST-8309,MALE,1,Yes,Yes,30,Yes,No,Fiber optic,No internet service,Yes,Yes,No internet service,Yes,No,Month-to-month,Yes,Credit card,96.01,2884.9,No
CUST-7643,MALE,0,Yes,No,71,Yes,No phone service,Fiber optic,Yes,Yes,No,Yes,No internet service,No,2 year,No,Credit card,106.29,7547.06,NO
CUST-8284,Femal,0,No,Yes,0,Yes,No,DSL,No internet service,Yes,Yes,No,Yes,No internet service,Month to month,No,Bank transfer,62.47,6.18,no
CUST-7808,Female,0,No,No,61,Yes,No,DSL,No internet service,No,Yes,Yes,No,No internet service,one year,No,Bank transfer,70.37,4289.67,NO
CUST-7283,male,0,No,No,47,Yes,Yes,Fiber optic,No internet service,No internet service,Yes,Yes,No internet service,No internet service,One year,No,Bank transfer,90.39,4258.03,
CUST-7645,Femal,0,Yes,Yes,54,Yes,No phone service,DSL,No internet service,Yes,No,Yes,No,No,one year,No,Credit card,61.09,3304.47,yes
CUST-7417,male,0,Yes,No,58,Yes,No,No,No internet service,No internet service,No internet service,No internet service,No internet service,No internet service,ONE YEAR,No,Electronic check,28.09,,Yes
CUST-8240,female,0,Yes,Yes,67,Yes,Yes,No,No internet service,No internet service,No internet service,No internet service,No internet service,No internet service,month-to-month,No,Bank transfer,30.26,2036.4,yes
CUST-7642,Male,1,No,Yes,46,Yes,No,No,No internet service,No internet service,No internet service,No internet service,No internet service,No internet service,two year,No,Electronic check,32.31,1479.12, Yes
CUST-7123,FEMALE,0,No,No,23,Yes,Yes,DSL,Yes,No,No internet service,No internet service,Yes,No,Month to month,Yes,Credit card,65.42,1506.17,no
CUST-8059,MALE,1,,Yes,46,Yes,No,Fiber optic,Yes,No,Yes,No internet service,Yes,No,ONE YEAR,Yes,Credit card,100.84,4640.63, Yes
CUST-7114,Femal,0,Yes,No,57,Yes,No phone service,Fiber optic,Yes,No internet service,No internet service,Yes,Yes,Yes,one year,Yes,Credit card,89.27,5088.12,NO
CUST-7541,Male,0,Yes,No,7,Yes,No,Fiber optic,No,No,No internet service,No,Yes,No,Month to month,No,Bank transfer,71.74,493.88, No 
CUST-7289,female,0,No,Yes,49,Yes,No,DSL,No internet service,No internet service,No,No,No internet service,Yes,Month-to-month,No,Mailed check,56.01,2734.74,No
CUST-8207,MALE,No,No,Yes,18,No,No phone service,Fiber optic,No,No,No,Yes,Yes,No,One year,No,Bank transfer,74.89,1350.46,No
CUST-8317,male,0,No,No,62,Yes,No phone service,Fiber optic,No internet service,No,No,No internet service,No internet service,No internet service,Month-to-month,No,Bank transfer,67.49,4177.89,YES
CUST-8342, Female ,0,No,No,13,Yes,No phone service,DSL,No internet service,No internet service,No,No internet service,No,No,Two year,No,Electronic check,50.62,664.52,NO
CUST-7271,MALE,0,No,No,2,Yes,No,Fiber optic,No,Yes,Yes,Yes,Yes,No internet service,One year,No,Credit card,94.66,190.31,no
CUST-8047,FEMALE,0,Yes,Yes,20,Yes,No phone service,DSL,Yes,No,No,No internet service,No internet service,No internet service,TWO YEAR,Yes,Bank transfer,54.94,1100.31, No 
CUST-7313,Femal,0,No,Yes,20,Yes,No,DSL,No,No,No,Yes,No,No internet service,2 year,No,Bank transfer,56.95,1141.4, No 
CUST-7889,male,0,Yes,Yes,54,Yes,No,DSL,No,No,No internet service,Yes,Yes,No,MONTH-TO-MONTH,Yes,Electronic check,70.42,3793.8,Yes
CUST-7306,Male,0,,No,41,Yes,No,No,No internet service,No internet service,No internet service,No internet service,No internet service,No internet service,Month to month,Yes,Electronic check,30.61,1256.04,YES
CUST-7916,MALE,1,No,Yes,14,Yes,Yes,DSL,No internet service,No internet service,Yes,No internet service,Yes,Yes,2 year,Yes,Electronic check,70.92,990.37,No
CUST-7940,female,0,Yes,Yes,4,Yes,No,No,No internet service,No internet service,No internet service,No internet service,No internet service,No internet service,month-to-month,Yes,Bank transfer,30.46,131.49, No 
CUST-7284,female,0,Yes,Yes,48,Yes,Yes,Fiber optic,Yes,Yes,No internet service,Yes,No internet service,No,2 year,Yes,Mailed check,100.55,4832.72,no
CUST-7129,MALE,0,Yes,No,71,Yes,No,Fiber optic,No internet service,No internet service,No internet service,Yes,Yes,No internet service,month-to-month,No,Mailed check,83.63,5930.33,yes
CUST-7395,female,0,Yes,No,12,Yes,No,DSL,No internet service,No,No internet service,No internet service,No internet service,Yes,month-to-month,Yes,Bank transfer,63.95,765.85,No
CUST-8329,FEMALE,0,Yes,Yes,26,No,No phone service,Fiber optic,No internet service,No,No,Yes,No,Yes,month-to-month,No,Mailed check,71.27,1861.75,No
CUST-7326,female,0,No,Yes,46,Yes,No phone service,DSL,No,No internet service,No internet service,No,Yes,No,2 year,Yes,Bank transfer,60.19,2758.76, No 
CUST-7191,female,1,Yes,Yes,65,No,No phone service,Fiber optic,Yes,No internet service,No,No internet service,Yes,Yes,Month to month,Yes,Credit card,77.56,5041.57,no
CUST-7722,Male,1,No,,5,Yes,No,Fiber optic,No internet service,Yes,Yes,No internet service,No internet service,Yes,Two year,No,Credit card,99.25,503.33, Yes
CUST-8272,female,0,Yes,Yes,39,Yes,Yes,No,No internet service,No internet service,No internet service,No internet service,No internet service,No internet service,ONE YEAR,No,Credit card,26.66,1045.02,NO
CUST-7993, Female ,0,Yes,Yes,61,Yes,Yes,No,No internet service,No internet service,No internet service,No internet service,No internet service,No internet service,MONTH-TO-MONTH,Yes,Bank transfer,34.91,2124.54,no
CUST-7920,Femal,0,No,No,3,Yes,Yes,No,No internet service,No internet service,No internet service,No internet service,No internet service,No internet service,one year,No,Credit card,33.33,104.89,No
CUST-7495,FEMALE,0,Yes,Yes,0,No,No phone service,No,No internet service,No internet service,No internet service,No internet service,No internet service,No internet service,month-to-month,Yes,Credit card,20.0,4.69,YES
CUST-8032,Male,1,No,No,63,Yes,No phone service,No,No internet service,No internet service,No internet service,No internet service,No internet service,No internet service,one year,No,Electronic check,29.7,1880.59,no
CUST-7867,MALE,0,No,No,68,Yes,No phone service,Fiber optic,Yes,Yes,Yes,Yes,No internet service,No internet service,month-to-month,Yes,Mailed check,101.75,6920.04, No 
CUST-7384, Male,1,Yes,No,11,Yes,Yes,No,No internet service,No internet service,No internet service,No internet service,No internet service,No internet service,month-to-month,Yes,Credit card,27.39,298.89, No 
CUST-8064, Female ,1,Yes,No,8,Yes,No,No,No internet service,No internet service,No internet service,No internet service,No internet service,No internet service,Month to month,Yes,Electronic check,29.37,238.09,yes
CUST-7652,Male,0,Yes,Yes,56,Yes,Yes,No,No internet service,No internet service,No internet service,No internet service,No internet service,No internet service,TWO YEAR,Yes,Credit card,30.75,1721.76, No 
CUST-8194, Male,0,Yes,No,41,Yes,No phone service,Fiber optic,No internet service,No,Yes,No,No,Yes,Month to month,Yes,Bank transfer,83.02, ,yes
CUST-7397,FEMALE,0,No,Yes,62,Yes,No,Fiber optic,No,No internet service,No,Yes,Yes,No,month-to-month,Yes,Electronic check,83.27,5156.48,no
CUST-7946,Femal,0,Yes,Yes,20,Yes,Yes,Fiber optic,No internet service,No,Yes,Yes,No,No,Two year,No,Mailed check,87.41,1746.02,No
CUST-8075, Male,0,Yes,Yes,69,Yes,No phone service,No,No internet service,No internet service,No internet service,No internet service,No internet service,No internet service,Two year,No,Credit card,26.84,1851.39,no
CUST-7279,Femal,1,Yes,No,29,No,No phone service,Fiber optic,No internet service,No internet service,Yes,No internet service,No,Yes,MONTH-TO-MONTH,Yes,Electronic check,79.35,2294.51,yes
CUST-7724,MALE,0,Yes,Yes,13,Yes,No,Fiber optic,Yes,No internet service,No,No,No,No,one year,Yes,Mailed check,82.12,1065.13, Yes
CUST-7532,Male,0,Yes,No,7,Yes,No,Fiber optic,No,No internet service,Yes,No internet service,No internet service,Yes,Month-to-month,Yes,Bank transfer,91.71,644.97,no
CUST-7762,MALE,0,No,No,26,No,No phone service,DSL,Yes,Yes,No internet service,Yes,No internet service,No,Month-to-month,No,Mailed check,48.7,1267.58, No 
CUST-7161, Female ,0,Yes,Yes,21,Yes,No,DSL,No internet service,No internet service,No,No internet service,Yes,No internet service,Month to month,No,Electronic check,57.77,1217.64, No 
CUST-8357,FEMALE,0,Yes,No,8,Yes,No,Fiber optic,Yes,No internet service,No internet service,No,Yes,Yes,One year,Yes,Mailed check,89.25,709.29,NO
CUST-7936,MALE,0,No,Yes,22,Yes,Yes,DSL,Yes,No internet service,No internet service,Yes,No,No,Month-to-month,No,Electronic check,60.38,1321.95,NO
CUST-8039,Male,0,No,Yes,42,No,No phone service,Fiber optic,Yes,No,No,Yes,Yes,No internet service,One year,Yes,Electronic check,88.76,3727.51,no
CUST-8223,Femal,1,No,Yes,3,Yes,Yes,DSL,No internet service,Yes,No internet service,No internet service,Yes,No,month-to-month,Yes,Credit card,76.08,224.45,NO
CUST-7020,Femal,0,No,Yes,41,Yes,Yes,DSL,No,No,No internet service,No,No,Yes,One year,Yes,Bank transfer,67.94,2792.75, No 
CUST-7569,MALE,0,No,No,57,Yes,No phone service,DSL,Yes,No,No internet service,No internet service,No internet service,No,one year,No,Bank transfer,64.05,3641.42,NO
CUST-7653,Femal,No,No,Yes,45,Yes,Yes,Fiber optic,No internet service,No,No,No,No,No internet service,one year,No,Bank transfer,77.71,3503.98, No 
CUST-7696,FEMALE,0,Yes,No,56,Yes,No,DSL,Yes,No internet service,No,Yes,Yes,No internet service,One year,Yes,Electronic check,70.7,3964.16,NO
CUST-7481,female,0,No,No,48,Yes,No phone service,Fiber optic,Yes,No,No internet service,Yes,No internet service,No,MONTH-TO-MONTH,No,Bank transfer,90.39,4334.87,no
CUST-7033, Male,0,Yes,Yes,22,Yes,No phone service,DSL,Yes,No,Yes,No,No internet service,No internet service,MONTH-TO-MONTH,Yes,Electronic check,60.97,1351.16,yes
CUST-8049,female,0,Yes,No,1,No,No phone service,DSL,Yes,No internet service,No,No,No,Yes,Month-to-month,No,Mailed check,51.87,61.05,YES
CUST-7047,Female,0,Yes,No,43,No,No phone service,No,No internet service,No internet service,No internet service,No internet service,No internet service,No internet service,TWO YEAR,No,Mailed check,20.0,854.44,No
CUST-7029,FEMALE,0,Yes,No,43,Yes,No,No,No internet service,No internet service,No internet service,No internet service,No internet service,No internet service,Month-to-month,No,Credit card,33.15,1424.72,No
CUST-8005,Female,0,No,No,10,No,No phone service,DSL,No,Yes,No internet service,Yes,Yes,No,one year,Yes,Bank transfer,58.07,572.46,YES
CUST-8067,Male,0,Yes,Yes,11,Yes,No,Fiber optic,No,Yes,No internet service,No internet service,No,No internet service,Two year,No,Bank transfer,71.44,782.55,no
CUST-8097,female,0,No,No,51,Yes,No phone service,No,No internet service,No internet service,No internet service,No internet service,No internet service,No internet service,Month-to-month,No,Electronic check,27.18,1381.84, Yes
CUST-8230,FEMALE,0,No,No,23,Yes,Yes,DSL,No internet service,Yes,Yes,Yes,No,Yes,2 year,No,Electronic check,74.5,1704.05,no
CUST-7510,male,0,Yes,No,22,Yes,No,DSL,No internet service,No,No,No,Yes,No,month-to-month,No,Credit card,54.27,1199.72,Yes
CUST-7530,MALE,0,No,No,2,Yes,Yes,Fiber optic,Yes,Yes,No internet service,Yes,Yes,No internet service,Month to month,Yes,Credit card,102.48,205.19, Yes
CUST-7922,Femal,1,Yes,No,27,Yes,Yes,Fiber optic,No internet service,No,Yes,Yes,No internet service,Yes,Month-to-month,No,Credit card,89.38,2409.77, No 
CUST-7501,male,0,Yes,Yes,1,No,No phone service,DSL,No internet service,Yes,No internet service,Yes,No internet service,No,One year,No,Bank transfer,57.86,49.19,No
CUST-7432,female,0,No,Yes,71,Yes,Yes,Fiber optic,No internet service,Yes,Yes,No internet service,No internet service,Yes,month-to-month,No,Mailed check,85.27,6047.71,NO
CUST-7253, Male,0,No,No,37,Yes,No,No,No internet service,No internet service,No internet service,No internet service,No internet service,No internet service,Month to month,Yes,Electronic check,29.95,1115.32, No 
CUST-7386,male,1,Yes,No,6,Yes,No,DSL,No,No,No internet service,Yes,Yes,Yes,MONTH-TO-MONTH,Yes,Electronic check,72.42,431.29,Yes
CUST-8320,Femal,0,Yes,No,37,Yes,Yes,Fiber optic,Yes,Yes,No internet service,Yes,Yes,No,ONE YEAR,Yes,Electronic check,90.29,3345.04,No
CUST-8174,male,0,No,No,45,Yes,No,Fiber optic,Yes,No,Yes,No internet service,Yes,No internet service,MONTH-TO-MONTH,No,Mailed check,99.23,4467.49, Yes
CUST-7779,female,0,No,Yes,13,Yes,Yes,Fiber optic,No,Yes,Yes,No internet service,Yes,No,Month-to-month,No,Mailed check,83.55,1077.34, Yes
CUST-7366,MALE,0,No,Yes,55,Yes,No phone service,Fiber optic,No,No,Yes,Yes,No internet service,No,month-to-month,No,Mailed check,88.38,4856.47,NO
CUST-7680,male,0,No,No,33,Yes,Yes,Fiber optic,Yes,No,No internet service,No,No internet service,Yes,ONE YEAR,No,,84.61,2793.21,
CUST-8163,Femal,0,No,No,68,Yes,Yes,No,No internet service,No internet service,No internet service,No internet service,No internet service,No internet service,ONE YEAR,No,Credit card,31.98,2177.51, No 
CUST-7812,Femal,0,No,Yes,59,Yes,No phone service,DSL,No,No internet service,Yes,No,No internet service,Yes,month-to-month,No,Credit card,66.38,3911.06, No 
CUST-7735,Female,0,Yes,No,25,Yes,No phone service,Fiber optic,No,No,No internet service,Yes,No,No,MONTH-TO-MONTH,Yes,Mailed check,84.0,2093.25, No 
CUST-8048,female,0,Yes,No,14,Yes,Yes,No,No internet service,No internet service,No internet service,No internet service,No internet service,No internet service,Month to month,No,Bank transfer,25.33,356.37, Yes
CUST-7298, Male,0,Yes,Yes,28,Yes,No,DSL,No internet service,No,No,No internet service,Yes,No internet service,MONTH-TO-MONTH,Yes,Credit card,57.41,1603.61, No 
CUST-7556,female,1,Yes,No,0,Yes,Yes,Fiber optic,Yes,Yes,No,No,No internet service,No,One year,No,Electronic check,83.17,0.0,Yes
CUST-7575, Male,0,Yes,Yes,55,No,No phone service,Fiber optic,Yes,No,No,Yes,Yes,No,One year,Yes,Credit card,83.26,4570.69,NO
CUST-7018,Male,0,Yes,No,58,Yes,No phone service,DSL,No,No internet service,No internet service,Yes,Yes,Yes,one year,No,Electronic check,76.79,4459.88,No
CUST-7572,MALE,0,Yes,Yes,1,Yes,No phone service,DSL,Yes,Yes,No internet service,No,No,Yes,TWO YEAR,Yes,Electronic check,69.18,60.79,no
CUST-7225,MALE,0,Yes,Yes,17,Yes,No phone service,Fiber optic,Yes,No,Yes,No internet service,No,No,MONTH-TO-MONTH,Yes,,71.57,1213.57,
CUST-7599,Femal,0,No,Yes,3,No,No phone service,DSL,No internet service,No,No,Yes,Yes,Yes,MONTH-TO-MONTH,No,Electronic check,51.63,159.35, Yes
CUST-7419,FEMALE,0,Yes,No,0,No,No phone service,DSL,No,Yes,No,Yes,Yes,No,Month to month,No,Bank transfer,61.62,8.05,No
CUST-8131,Female,0,No,No,20,Yes,No phone service,Fiber optic,Yes,No internet service,No internet service,No,Yes,No,Month-to-month,Yes,Mailed check,73.35,1467.21,Yes
CUST-7218, Male,0,No,Yes,10,Yes,Yes,Fiber optic,Yes,No internet service,No,No internet service,No,No internet service,Month to month,No,Bank transfer,85.78,857.82,YES
CUST-7307,FEMALE,0,Yes,Yes,59,Yes,No phone service,Fiber optic,No,No,Yes,No internet service,No internet service,No internet service,ONE YEAR,Yes,Bank transfer,88.45,5216.21,NO
CUST-7156,MALE,0,Yes,Yes,38,Yes,Yes,No,No internet service,No internet service,No internet service,No internet service,No internet service,No internet service,MONTH-TO-MONTH,Yes,Credit card,26.12,995.24, No 
CUST-7171,MALE,0,Yes,No,61,Yes,Yes,DSL,No,Yes,No internet service,No internet service,Yes,Yes,MONTH-TO-MONTH,Yes,Mailed check,70.35,4289.21,No
CUST-8151,male,0,Yes,No,64,Yes,Yes,DSL,No internet service,No,Yes,No internet service,No,Yes,Month-to-month,No,Bank transfer,71.0,4547.75,yes
CUST-7705,Male,1,Yes,No,33,Yes,Yes,Fiber optic,Yes,No,Yes,No internet service,No,Yes,MONTH-TO-MONTH,Yes,Mailed check,98.98,3274.66, No 
CUST-7286, Male,0,No,No,50,Yes,Yes,DSL,Yes,No internet service,Yes,No internet service,No internet service,Yes,Month to month,No,Mailed check,73.09,3649.19,No
CUST-8090,Femal,0,No,Yes,19,Yes,No,Fiber optic,No,No internet service,Yes,No internet service,Yes,No internet service,MONTH-TO-MONTH,No,Credit card,77.18,1473.12,No
CUST-7453,Male,0,Yes,No,70,Yes,Yes,Fiber optic,No internet service,Yes,Yes,No,No,Yes,2 year,No,Electronic check,98.3,6881.21,yes
CUST-7864,FEMALE,0,No,Yes,40,Yes,No,DSL,No,No,Yes,Yes,No,No internet service,ONE YEAR,No,Bank transfer,61.59,2463.67,
CUST-7071,FEMALE,0,Yes,No,21,Yes,No,No,No internet service,No internet service,No internet service,No internet service,No internet service,No internet service,One year,Yes,Mailed check,28.24,597.53,NO
CUST-7082,Male,1,Yes,No,43,Yes,Yes,Fiber optic,No internet service,Yes,No,No,Yes,No internet service,Month-to-month,Yes,Mailed check,100.59,4328.64, No 
CUST-8128,Male,0,Yes,No,5,Yes,Yes,Fiber optic,Yes,No internet service,Yes,No,Yes,Yes,Month-to-month,No,Mailed check,86.78,442.46,yes
CUST-8397,male,0,Yes,Yes,58,Yes,No phone service,Fiber optic,Yes,No,Yes,No,No,Yes,One year,Yes,Electronic check,95.42,5531.66,NO
CUST-7015,female,0,Yes,Yes,39,Yes,Yes,Fiber optic,No,No internet service,No internet service,Yes,No,Yes,One year,No,Credit card,95.67,3730.99, No 
CUST-7535,MALE,0,No,No,9,Yes,No phone service,Fiber optic,No,No internet service,Yes,No,No,No internet service,One year,No,Bank transfer,77.07,691.1,YES
CUST-8265,male,0,No,No,9,Yes,No,No,No internet service,No internet service,No internet service,No internet service,No internet service,No internet service,Month-to-month,No,Bank transfer,31.42,274.25,YES
CUST-7918,Male,0,Yes,Yes,10,Yes,Yes,Fiber optic,No,No,No,No internet service,No internet service,Yes,One year,No,Mailed check,69.96,708.44,no
CUST-7451,male,0,No,No,60,Yes,Yes,DSL,No internet service,Yes,Yes,Yes,No internet service,No,2 year,Yes,Mailed check,59.07,3541.0, No 
CUST-8115,female,0,Yes,No,9,Yes,Yes,Fiber optic,No internet service,No,Yes,No internet service,No internet service,Yes,Month to month,No,Bank transfer,97.99,877.8,No
CUST-7404,,1,Yes,No,16,Yes,No phone service,No,No internet service,No internet service,No internet service,No internet service,No internet service,No internet service,MONTH-TO-MONTH,No,Electronic check,27.84,450.18,No
CUST-8344, Male,0,Yes,Yes,58,Yes,No phone service,DSL,No internet service,No internet service,No,No internet service,Yes,No internet service,Month-to-month,No,Mailed check,67.49,3912.58,yes
CUST-8303,MALE,0,Yes,No,50,Yes,No,DSL,Yes,No,No internet service,No internet service,No internet service,No,MONTH-TO-MONTH,No,Electronic check,59.66,2976.46,NO
CUST-7739,Male,0,No,No,26,Yes,Yes,No,No internet service,No internet service,No internet service,No internet service,No internet service,No internet service,MONTH-TO-MONTH,No,Credit card,27.58,714.55, No 
CUST-7364,MALE,1,No,No,20,Yes,Yes,DSL,No internet service,No,No internet service,Yes,No internet service,No,month-to-month,No,Bank transfer,53.15,1065.38,yes
CUST-7104,Female,0,No,Yes,25,Yes,No phone service,DSL,Yes,Yes,Yes,No,No internet service,Yes,Two year,Yes,Credit card,75.56,1885.09,YES
CUST-8350,MALE,1,No,No,46,No,No phone service,DSL,Yes,No internet service,No internet service,No internet service,No internet service,Yes,one year,Yes,Electronic check,50.55,2334.0,NO
CUST-8200,Female,1,No,No,5,Yes,No phone service,Fiber optic,No internet service,Yes,No,Yes,No internet service,Yes,month-to-month,Yes,Electronic check,95.17,482.74, Yes
CUST-7661, Female ,0,No,No,70,Yes,Yes,DSL,No internet service,No,No internet service,Yes,No internet service,No internet service,Month to month,No,Bank transfer,67.9,4745.29,yes
CUST-7241,MALE,0,Yes,Yes,0,Yes,Yes,DSL,No internet service,No internet service,No,Yes,No internet service,No,MONTH-TO-MONTH,Yes,Credit card,51.83,0.0, Yes
CUST-7430,male,1,No,Yes,25,Yes,No phone service,No,No internet service,No internet service,No internet service,No internet service,No internet service,No internet service,Month to month,Yes,Mailed check,30.09,750.9, No 
CUST-7814,Male,0,Yes,No,29,Yes,No,Fiber optic,Yes,Yes,Yes,Yes,No internet service,No internet service,Month-to-month,No,Electronic check,107.97,3140.13,No
CUST-7630,Female,0,Yes,Yes,57,Yes,No phone service,Fiber optic,No internet service,No internet service,Yes,No,Yes,Yes,MONTH-TO-MONTH,No,Credit card,95.17,5432.94,yes
CUST-7096, Female ,0,Yes,No,39,No,No phone service,No,No internet service,No internet service,No internet service,No internet service,No internet service,No internet service,month-to-month,No,Mailed check,20.0,771.57,No
CUST-7467,female,0,No,Yes,45,Yes,No phone service,DSL,Yes,No,Yes,Yes,No,Yes,2 year,Yes,Credit card,67.9,3049.32,No
CUST-7084,male,0,Yes,No,12,Yes,Yes,Fiber optic,No,Yes,Yes,No internet service,No,Yes,one year,Yes,Electronic check,94.64,1138.04,No
CUST-7701,male,0,No,No,29,Yes,No,DSL,No,No internet service,No,No internet service,No,No,TWO YEAR,No,Mailed check,46.51,1355.21,No
CUST-7009,male,1,Yes,No,54,Yes,No,DSL,Yes,No,No,Yes,No internet service,No internet service,month-to-month,No,Credit card,59.17,3197.86,no
CUST-7604,Female,0,No,No,71,Yes,No phone service,Fiber optic,No,No,No internet service,No internet service,No,Yes,one year,Yes,Bank transfer,85.26,6053.86,No
CUST-7878, Male,0,Yes,No,8,Yes,No,Fiber optic,Yes,No internet service,No internet service,No,No internet service,No internet service,Month to month,No,Mailed check,86.39,696.14,YES
CUST-7773,FEMALE,1,Yes,Yes,5,Yes,No phone service,DSL,No,Yes,No internet service,No internet service,No internet service,No,One year,Yes,Mailed check,60.62,311.82,No
CUST-7276,FEMALE,0,,Yes,51,Yes,No,Fiber optic,Yes,Yes,No,Yes,No,No,Month-to-month,No,Bank transfer,86.18,4400.96,yes
CUST-7088,Femal,0,No,No,2,Yes,Yes,DSL,Yes,No,No,Yes,No,Yes,TWO YEAR,No,Electronic check,71.99,140.78,no
CUST-7090,Male,0,Yes,Yes,4,Yes,No,DSL,No,No,Yes,No internet service,No internet service,No,Month to month,No,Electronic check,63.66,251.12,yes
CUST-7765,Femal,0,No,Yes,9,No,No phone service,Fiber optic,No,Yes,No,No internet service,Yes,No,Month to month,No,Mailed check,66.53,603.04, Yes
CUST-7280,Femal,0,Yes,Yes,24,Yes,Yes,Fiber optic,Yes,Yes,No internet service,No internet service,No internet service,Yes,Two year,No,Bank transfer,101.04,2416.11,no
CUST-8007,Male,0,Yes,No,22,Yes,No,Fiber optic,No internet service,No internet service,No internet service,Yes,Yes,No,2 year,Yes,Mailed check,82.34,1813.17,YES
CUST-7651, Male,0,No,No,3,Yes,No,Fiber optic,No,Yes,No,No internet service,No,Yes,Month-to-month,No,Electronic check,84.14,253.04,no
CUST-7992, Male,0,No,Yes,65,Yes,No,No,No internet service,No internet service,No internet service,No internet service,No internet service,No internet service,Month to month,Yes,Electronic check,34.39,2239.01,no
CUST-7365,female,0,Yes,Yes,62,Yes,No,Fiber optic,No,No internet service,Yes,Yes,No internet service,No,ONE YEAR,Yes,Electronic check,74.65,4633.35, No 
CUST-7023,Male,0,Yes,No,25,Yes,Yes,Fiber optic,Yes,Yes,No,No,No,No,ONE YEAR,No,Electronic check,90.22,2260.68,yes
CUST-7676,FEMALE,0,No,Yes,32,Yes,No phone service,Fiber optic,No,No internet service,No internet service,Yes,No,No,Month to month,No,Bank transfer,73.13,2347.57,no
CUST-7998,MALE,1,No,Yes,8,Yes,No,Fiber optic,No,No,Yes,Yes,No internet service,Yes,Two year,Yes,Bank transfer,77.0,618.59,NO
CUST-7310, Female ,0,Yes,Yes,1,Yes,No phone service,Fiber optic,No internet service,No,No,No internet service,No,Yes,ONE YEAR,Yes,Electronic check,80.28,79.62,no
CUST-8060,Male,0,No,Yes,24,Yes,No,DSL,Yes,No,No internet service,No internet service,Yes,Yes,One year,No,Bank transfer,69.41,1674.24,no
CUST-7640,MALE,0,No,No,20,Yes,Yes,DSL,Yes,Yes,Yes,Yes,Yes,No internet service,month-to-month,Yes,Electronic check,84.06,1673.18,no
CUST-7240,female,1,Yes,Yes,6,Yes,No,DSL,Yes,No internet service,No,No internet service,Yes,No,two year,No,Electronic check,62.15,371.78,no
CUST-7666, Male,0,No,No,39,Yes,No phone service,DSL,Yes,Yes,No internet service,No,No,Yes,Month-to-month,Yes,Mailed check,74.67,2922.06, Yes
CUST-8253,Femal,0,No,No,48,Yes,Yes,No,No internet service,No internet service,No internet service,No internet service,No internet service,No internet service,Two year,Yes,Credit card,30.31,1447.82,no
CUST-7098,Male,0,Yes,Yes,3,Yes,No,No,No internet service,No internet service,No internet service,No internet service,No internet service,No internet service,Month-to-month,Yes,Mailed check,31.88,96.04,No
CUST-7167,Femal,0,No,Yes,63,No,No phone service,DSL,No,Yes,No internet service,No internet service,Yes,No,month-to-month,Yes,Electronic check,58.26,3675.77, No 
CUST-7496,FEMALE,1,Yes,Yes,37,Yes,No phone service,Fiber optic,No,No internet service,No,No,No internet service,Yes,Month-to-month,No,,86.84,3217.96,Yes
CUST-7275,female,0,Yes,No,37,Yes,No,DSL,No internet service,No,No,No internet service,No internet service,Yes,one year,Yes,Credit card,$54.72,2017.5,NO
CUST-8113,FEMALE,0,No,No,10,Yes,Yes,Fiber optic,No,No,No,Yes,No,No internet service,month-to-month,No,Bank transfer,69.29,682.97, No 
CUST-7714,Femal,0,No,Yes,34,Yes,Yes,Fiber optic,No,Yes,Yes,Yes,No internet service,Yes,two year,Yes,Mailed check,89.44,3035.33,No
CUST-8283, Female ,0,No,Yes,42,Yes,No phone service,Fiber optic,No,No internet service,No internet service,No,Yes,No internet service,ONE YEAR,Yes,Bank transfer,74.59,3134.37, Yes
CUST-7331,male,0,No,No,53,Yes,No,No,No internet service,No internet service,No internet service,No internet service,No internet service,No internet service,two year,No,Credit card,31.4,1659.99,yes
CUST-7219,Female,0,Yes,No,-30,Yes,No,DSL,No internet service,No,No,Yes,No internet service,No internet service,month-to-month,No,Credit card,57.77,1742.04,no
CUST-7433,female,0,Yes,No,41,Yes,Yes,Fiber optic,Yes,No,No internet service,No,No internet service,No internet service,two year,No,Bank transfer,69.7, , No 
CUST-8368,male,0,Yes,No,9,Yes,No phone service,Fiber optic,Yes,No,No,No internet service,Yes,No internet service,Month to month,Yes,Credit card,80.66,722.22,No
CUST-8244,female,0,No,Yes,12,Yes,Yes,DSL,No internet service,No,No,No,No internet service,No internet service,Month-to-month,No,Credit card,56.7,675.63,YES
CUST-7486,male,0,Yes,Yes,31,Yes,No phone service,DSL,Yes,Yes,No internet service,No internet service,No,Yes,MONTH-TO-MONTH,Yes,Credit card,62.66,1951.4, No 
CUST-7531,male,0,Yes,,14,Yes,No phone service,DSL,Yes,Yes,No,Yes,No,Yes,ONE YEAR,Yes,Electronic check,71.97,1000.79,NO
CUST-8261,Femal,1,Yes,Yes,71,Yes,No phone service,DSL,No internet service,Yes,No internet service,Yes,No internet service,No internet service,two year,Yes,Mailed check,66.77,4733.15,YES
CUST-7260,Female,0,Yes,Yes,57,Yes,No phone service,DSL,No,Yes,Yes,No,Yes,No internet service,Month to month,Yes,Mailed check,65.14,3703.19,
CUST-7810,Male,0,Yes,No,5,Yes,No phone service,DSL,No,Yes,No internet service,No internet service,No internet service,No,Month-to-month,Yes,Credit card,44.04,212.34,yes
CUST-7305,male,0,Yes,Yes,64,Yes,No phone service,Fiber optic,No,No internet service,No internet service,No internet service,No,No internet service,ONE YEAR,No,Mailed check,79.45,5076.32,No
CUST-8226,Male,1,Yes,No,2,Yes,No phone service,Fiber optic,No,No,No,Yes,No internet service,Yes,MONTH-TO-MONTH,Yes,Bank transfer,92.22,191.96,No
CUST-7196,Femal,0,Yes,No,51,Yes,No,Fiber optic,Yes,No,No,Yes,Yes,No internet service,ONE YEAR,No,Bank transfer,88.11,4498.58, Yes
CUST-8164,male,0,,No,21,Yes,Yes,DSL,No,No internet service,Yes,No internet service,No,No internet service,Month-to-month,Yes,Credit card,54.61,1143.66,YES
CUST-8146,Female,0,Yes,No,33,Yes,No,Fiber optic,No,No,Yes,Yes,No,No,one year,No,Electronic check,82.8,2723.19,NO
CUST-7494,male,0,Yes,No,65,Yes,Yes,DSL,No,No,No internet service,No,No internet service,Yes,2 year,Yes,Credit card,47.19,3069.56,yes
CUST-7110, Male,0,Yes,Yes,63,Yes,Yes,DSL,No internet service,Yes,No internet service,Yes,No internet service,No,MONTH-TO-MONTH,Yes,Electronic check,68.94,4351.76,NO
CUST-8108,Male,0,Yes,No,72,Yes,No phone service,DSL,Yes,No internet service,Yes,No,No internet service,No internet service,MONTH-TO-MONTH,No,Electronic check,71.39,5135.69,NO
CUST-7513, Male,0,No,No,5,Yes,Yes,DSL,No,No internet service,Yes,Yes,No,No,ONE YEAR,Yes,Bank transfer,71.77,368.19,NO
CUST-7691,Male,0,Yes,No,21,No,No phone service,Fiber optic,No,Yes,No,Yes,Yes,No,two year,No,Electronic check,76.79,1612.09,no
CUST-7369,Femal,0,No,Yes,2,Yes,No phone service,DSL,No internet service,No,No internet service,Yes,Yes,Yes,Month to month,No,Electronic check,65.71,121.89, No 
CUST-7793,FEMALE,0,,Yes,4,Yes,Yes,Fiber optic,Yes,No,No,No,No,No internet service,Month-to-month,Yes,Mailed check,81.18,320.5,yes
CUST-8098,Male,0,No,Yes,5,Yes,No,Fiber optic,Yes,Yes,No internet service,No internet service,No internet service,No,Month to month,No,Bank transfer,87.59,433.02,no
CUST-7926,Femal,0,No,No,29,Yes,No phone service,DSL,Yes,No,No internet service,No internet service,No,No internet service,one year,No,Credit card,57.42,1665.57, No 
CUST-7273,male,0,Yes,Yes,60,Yes,No,DSL,Yes,Yes,No internet service,No internet service,No internet service,Yes,ONE YEAR,No,Bank transfer,68.37,4104.62,no
CUST-7396, Male,0,No,No,63,Yes,No phone service,Fiber optic,No,No internet service,Yes,Yes,No,No,MONTH-TO-MONTH,No,Electronic check,77.56,4893.09, No 
CUST-8178,female,0,No,No,9,Yes,No phone service,No,No internet service,No internet service,No internet service,No internet service,No internet service,No internet service,one year,No,Electronic check,30.65,276.07,no
CUST-7944,Femal,0,No,Yes,36,Yes,No,Fiber optic,No internet service,No,No,No internet service,No,No,month-to-month,No,Bank transfer,49.12,2882.54,yes
CUST-7797,Male,1,No,No,67,Yes,Yes,DSL,No,No internet service,No internet service,Yes,No internet service,No internet service,Month to month,No,Electronic check,55.33,3714.52,no
CUST-8074,female,0,Yes,No,25,Yes,Yes,DSL,No,Yes,No internet service,Yes,No internet service,No,Two year,No,Mailed check,67.42,1695.25, No 
CUST-8062, Female ,1,No,Yes,43,Yes,No phone service,No,No internet service,No internet service,No internet service,No internet service,No internet service,No internet service,Month-to-month,Yes,Electronic check,33.81,1454.29,Yes
CUST-7961,Female,0,Yes,Yes,63,Yes,No phone service,No,No internet service,No internet service,No internet service,No internet service,No internet service,No internet service,ONE YEAR,No,Bank transfer,33.17,2084.46, No 
CUST-7418,,0,No,No,34,Yes,No phone service,DSL,No internet service,No,Yes,No internet service,No,No internet service,MONTH-TO-MONTH,No,Electronic check,62.06,2114.5,
CUST-7375,female,0,No,No,26,Yes,Yes,DSL,No internet service,Yes,Yes,No internet service,No internet service,Yes,month-to-month,Yes,Mailed check,74.75,1948.93, Yes
CUST-7463,Femal,0,Yes,Yes,65,Yes,Yes,DSL,Yes,Yes,Yes,No,Yes,No internet service,MONTH-TO-MONTH,Yes,Electronic check,71.29,4625.03,no
CUST-7470,Femal,0,Yes,Yes,56,Yes,No,DSL,Yes,No internet service,No internet service,Yes,No internet service,No internet service,MONTH-TO-MONTH,Yes,Bank transfer,61.76,3452.96,no
CUST-8099,FEMALE,No,Yes,No,42,Yes,No phone service,DSL,No internet service,No internet service,No,No,Yes,Yes,One year,No,Bank transfer,64.48,2703.11,no
CUST-7559,MALE,1,Yes,Yes,25,Yes,Yes,No,No internet service,No internet service,No internet service,No internet service,No internet service,No internet service,month-to-month,No,Credit card,26.25,, No 
CUST-7302,female,0,No,Yes,72,Yes,Yes,Fiber optic,Yes,Yes,Yes,No internet service,No,Yes,Month to month,No,Credit card,92.44,6658.67,No
CUST-7582,Femal,0,Yes,Yes,56,Yes,Yes,Fiber optic,No,No internet service,No internet service,No,No internet service,No,2 year,Yes,Bank transfer,70.58,3962.04,No
CUST-7798,MALE,0,No,No,7,Yes,Yes,No,No internet service,No internet service,No internet service,No internet service,No internet service,No internet service,MONTH-TO-MONTH,Yes,Mailed check,30.17,207.01,YES
CUST-7011,MALE,0,No,Yes,42,Yes,Yes,DSL,No,Yes,Yes,Yes,No internet service,Yes,MONTH-TO-MONTH,Yes,Mailed check,$66.62,2791.62,YES
CUST-8227, Female ,0,No,Yes,29,Yes,No,DSL,Yes,No internet service,No internet service,No internet service,No internet service,No internet service,month-to-month,Yes,Electronic check,63.89,1852.16,Yes
CUST-7538,male,1,No,No,37,Yes,No phone service,DSL,No,No,Yes,No,No internet service,No,MONTH-TO-MONTH,Yes,Credit card,56.79,2096.12,Yes
CUST-7627,Male,0,Yes,Yes,10,Yes,No,Fiber optic,No internet service,Yes,No internet service,Yes,No,Yes,one year,Yes,Credit card,91.69,920.65, Yes
CUST-7281,FEMALE,0,Yes,Yes,19,Yes,No phone service,DSL,Yes,Yes,No,Yes,Yes,No,two year,No,Mailed check,66.82,1279.52,NO
CUST-7983,Female,0,No,Yes,41,Yes,No,DSL,Yes,Yes,No internet service,No,Yes,Yes,2 year,Yes,Bank transfer,82.8,3392.95,NO
CUST-7544, Male,0,No,Yes,56,Yes,No,Fiber optic,No,No internet service,No,No internet service,No,Yes,Month-to-month,Yes,Mailed check,76.86,4313.72,No
CUST-7223,Male,1,Yes,No,-6,Yes,No phone service,No,No internet service,No internet service,No internet service,No internet service,No internet service,No internet service,month-to-month,Yes,Credit card,$27.12,172.57,No
CUST-7672,male,0,No,No,24,Yes,Yes,No,No internet service,No internet service,No internet service,No internet service,No internet service,No internet service,Two year,Yes,,32.99,786.28,no
CUST-7966,male,0,No,No,31,Yes,No phone service,DSL,No internet service,No,No,No internet service,No internet service,No,2 year,No,Electronic check,48.81,1503.73,NO
CUST-8149,Male,0,No,Yes,2,Yes,No,Fiber optic,Yes,No internet service,Yes,No internet service,No,No,two year,Yes,Electronic check,87.3,165.95,YES
CUST-8093,female,0,Yes,Yes,55,Yes,No phone service,Fiber optic,No internet service,Yes,No,No internet service,No,No,Month-to-month,Yes,Credit card,66.21,3633.01, Yes
CUST-7365,female,0,Yes,Yes,62,Yes,No,Fiber optic,No,No internet service,Yes,Yes,No internet service,No,ONE YEAR,Yes,Electronic check,74.65,4633.35, No 
CUST-7994,MALE,0,Yes,Yes,10,Yes,No,Fiber optic,No internet service,Yes,Yes,No,No internet service,No,MONTH-TO-MONTH,Yes,Electronic check,86.56,871.46,YES
CUST-7580,female,0,Yes,No,64,Yes,No,Fiber optic,Yes,No,No,No internet service,No,No,Month to month,No,Electronic check,70.1,4477.9,YES
CUST-8045,MALE,0,No,No,33,Yes,No phone service,DSL,No internet service,No,No internet service,Yes,Yes,No internet service,One year,No,Electronic check,54.57,1808.62, No 
CUST-7077, Male,No,,No,2,No,No phone service,DSL,No internet service,No,No internet service,Yes,No internet service,No internet service,2 year,Yes,Bank transfer,52.72,114.36,no
CUST-7547,MALE,0,Yes,Yes,38,Yes,Yes,DSL,No,Yes,Yes,No internet service,No,No internet service,two year,Yes,Bank transfer,75.36,2863.29,NO
CUST-7162,,0,Yes,Yes,0,Yes,Yes,No,No internet service,No internet service,No internet service,No internet service,No internet service,No internet service,Month to month,Yes,Electronic check,59.42,4.12,YES
CUST-7748,Female,0,Yes,No,55,Yes,No phone service,No,No internet service,No internet service,No internet service,No internet service,No internet service,No internet service,ONE YEAR,No,Bank transfer,25.55,1395.84,No
CUST-7826,Male,0,Yes,Yes,45,No,No phone service,No,No internet service,No internet service,No internet service,No internet service,No internet service,No internet service,TWO YEAR,Yes,Mailed check,20.0,909.94, No 
CUST-7125,Male,0,No,No,31,Yes,No,Fiber optic,Yes,No internet service,Yes,Yes,Yes,No,One year,No,Credit card,97.19,3007.74, No 
CUST-7757,Female,0,No,Yes,68,Yes,No,No,No internet service,No internet service,No internet service,No internet service,No internet service,No internet service,MONTH-TO-MONTH,No,Credit card,30.7,2093.38, Yes
CUST-8066, Female ,0,Yes,No,70,Yes,Yes,Fiber optic,Yes,No,No internet service,No internet service,Yes,No,Month-to-month,No,Credit card,88.99,6226.8,NO
CUST-7576,FEMALE,1,No,No,71,Yes,Yes,Fiber optic,Yes,No internet service,No internet service,No,No,Yes,two year,No,Bank transfer,92.84,6591.61,No
CUST-7621, Male,0,No,Yes,71,Yes,No,DSL,No internet service,Yes,No internet service,No internet service,No internet service,No,MONTH-TO-MONTH,Yes,Electronic check,48.75,3454.9,
CUST-7767,Male,0,No,Yes,2,Yes,No,Fiber optic,No,No internet service,Yes,No,No internet service,No,ONE YEAR,Yes,Mailed check,71.31,143.98,NO
CUST-7506,male,0,No,Yes,37,Yes,No,Fiber optic,No,No internet service,No internet service,Yes,No,Yes,2 year,Yes,Bank transfer,74.12,3171.02,No
CUST-8030,male,No,No,Yes,52,Yes,No phone service,Fiber optic,Yes,No internet service,No,No,No,No,Month to month,Yes,Electronic check,84.93,4415.71,YES
CUST-8319,MALE,0,Yes,Yes,55,Yes,No,Fiber optic,No,Yes,No internet service,Yes,Yes,No internet service,month-to-month,No,Electronic check,86.95,4788.82,yes
CUST-7802, Male,0,Yes,Yes,63,Yes,No phone service,Fiber optic,No internet service,No,No internet service,Yes,No,Yes,ONE YEAR,Yes,Credit card,92.54,5823.16, No 
CUST-7844,FEMALE,0,No,No,63,Yes,Yes,Fiber optic,No internet service,No internet service,Yes,Yes,No,No internet service,two year,Yes,Mailed check,91.71,5781.06, No 
CUST-8233,,0,Yes,Yes,15,Yes,No,Fiber optic,Yes,No,No internet service,No,No,No,2 year,Yes,Electronic check,76.48,1144.72, Yes
CUST-7689,MALE,1,Yes,No,0,Yes,No phone service,DSL,Yes,Yes,No internet service,No,No internet service,Yes,MONTH-TO-MONTH,No,Bank transfer,61.54,0.0, Yes
CUST-8254,male,0,Yes,Yes,62,Yes,No,Fiber optic,Yes,No internet service,No internet service,No,Yes,No,MONTH-TO-MONTH,No,Mailed check,88.75,5496.16, No 
CUST-7259, Female ,0,No,No,42,Yes,No,Fiber optic,Yes,No internet service,Yes,Yes,No,No internet service,2 year,Yes,Credit card,98.42,4132.15,No
CUST-7282,FEMALE,0,No,Yes,25,Yes,No,Fiber optic,Yes,Yes,Yes,No internet service,No,No internet service,Month-to-month,Yes,Electronic check,91.23,2277.22,no
CUST-7634,Male,0,Yes,No,33,Yes,No,Fiber optic,Yes,Yes,Yes,No internet service,No,No,Month-to-month,Yes,,96.46,3187.73, No 
CUST-8377,Male,0,Yes,No,62,Yes,No phone service,No,No internet service,No internet service,No internet service,No internet service,No internet service,No internet service,TWO YEAR,No,Electronic check,33.87,2095.63,NO
CUST-7474,MALE,0,Yes,No,7,Yes,Yes,Fiber optic,Yes,Yes,No internet service,Yes,No internet service,No internet service,month-to-month,Yes,Electronic check,106.39,734.9,Yes
CUST-7455,FEMALE,0,Yes,Yes,3,Yes,Yes,Fiber optic,Yes,Yes,Yes,No,Yes,No internet service,One year,No,Credit card,109.16,326.25,No
CUST-7320,Femal,0,No,No,38,Yes,Yes,No,No internet service,No internet service,No internet service,No internet service,No internet service,No internet service,MONTH-TO-MONTH,Yes,Electronic check,30.68,1157.07,No
CUST-7434, Male,0,No,Yes,3,Yes,No,Fiber optic,No internet service,No,Yes,No,No internet service,No internet service,two year,Yes,Bank transfer,84.28,251.89,yes
CUST-7259, Female ,0,No,No,42,Yes,No,Fiber optic,Yes,No internet service,Yes,Yes,No,No internet service,2 year,Yes,Credit card,98.42,4132.15,No
CUST-7299,Male,1,No,Yes,38,Yes,No,No,No internet service,No internet service,No internet service,No internet service,No internet service,No internet service,Month to month,Yes,Electronic check,27.7,1046.66, No 
CUST-7436,FEMALE,0,Yes,Yes,11,No,No phone service,No,No internet service,No internet service,No internet service,No internet service,No internet service,No internet service,2 year,Yes,Credit card,20.0,221.58,YES
CUST-8330, Male,0,No,Yes,28,Yes,Yes,No,No internet service,No internet service,No internet service,No internet service,No internet service,No internet service,Month to month,No,Bank transfer,25.71,717.99, No 
CUST-7438,Female,0,Yes,No,65,Yes,No phone service,Fiber optic,No internet service,Yes,No,No,No,No internet service,two year,Yes,Mailed check,$87.96,5724.74,NO
CUST-7325,FEMALE,0,Yes,No,28,Yes,No,Fiber optic,Yes,Yes,Yes,No internet service,No,No,month-to-month,Yes,Mailed check,94.23,2638.33,Yes
CUST-7403,female,0,No,Yes,62,Yes,No,Fiber optic,No internet service,No,No,Yes,Yes,No internet service,2 year,Yes,Mailed check,95.33,5901.58,Yes
CUST-7564,male,0,Yes,No,33,No,No phone service,DSL,No internet service,No internet service,No internet service,No,Yes,No internet service,Month to month,No,Credit card,46.76,1539.17,YES
CUST-7292, Female ,0,No,No,12,Yes,Yes,DSL,Yes,Yes,No internet service,Yes,Yes,Yes,month-to-month,Yes,Credit card,78.51,935.55, No 
CUST-7278,,0,No,Yes,7,Yes,No,Fiber optic,Yes,No internet service,Yes,No,Yes,No internet service,ONE YEAR,Yes,Bank transfer,100.86,710.85,YES
CUST-7655, Male,1,Yes,No,38,Yes,No,Fiber optic,Yes,No internet service,No internet service,No internet service,Yes,No internet service,ONE YEAR,Yes,Mailed check,89.45,3406.99,YES
CUST-8270, Female ,0,Yes,Yes,15,Yes,No,Fiber optic,Yes,Yes,Yes,No,Yes,No,MONTH-TO-MONTH,No,Electronic check,88.97,1326.97,no
CUST-7732, Female ,0,No,Yes,29,Yes,No,DSL,No internet service,Yes,Yes,Yes,No internet service,No,ONE YEAR,Yes,Electronic check,69.9,2030.13,no
CUST-7553,FEMALE,0,No,No,49,Yes,No phone service,Fiber optic,Yes,Yes,No internet service,Yes,No,Yes,MONTH-TO-MONTH,Yes,Bank transfer,84.98,4157.77, Yes
CUST-7094,Femal,0,Yes,No,55,No,No phone service,DSL,No,Yes,No internet service,Yes,No internet service,Yes,month-to-month,No,Bank transfer,55.25,3033.42,NO
CUST-8381,female,0,No,Yes,63,Yes,Yes,No,No internet service,No internet service,No internet service,No internet service,No internet service,No internet service,ONE YEAR,No,Mailed check,31.96,2021.09,No
CUST-7245, Female ,0,Yes,No,33,Yes,Yes,Fiber optic,No internet service,No internet service,No internet service,No internet service,No internet service,No,Month-to-month,No,Mailed check,78.23,2571.69,Yes
CUST-7945,male,0,No,No,30,Yes,Yes,Fiber optic,Yes,No internet service,No internet service,Yes,No internet service,Yes,Month to month,No,Credit card,88.34,2649.44,NO
CUST-8191,Femal,0,Yes,Yes,45,Yes,No,Fiber optic,No,No,No internet service,Yes,Yes,No internet service,MONTH-TO-MONTH,No,Mailed check,79.91,3591.9,no
CUST-7775,MALE,0,Yes,Yes,10,Yes,No phone service,No,No internet service,No internet service,No internet service,No internet service,No internet service,No internet service,one year,No,Mailed check,34.06,347.41,NO
CUST-7426, Male,0,Yes,No,53,Yes,No phone service,DSL,No internet service,No internet service,Yes,Yes,No,No internet service,MONTH-TO-MONTH,No,Mailed check,64.74,3423.81,YES
CUST-8186,female,0,No,Yes,47,Yes,No,DSL,No,Yes,Yes,No,Yes,No,one year,Yes,Bank transfer,71.85,3385.15,No
CUST-7149,,1,Yes,Yes,18,Yes,Yes,No,No internet service,No internet service,No internet service,No internet service,No internet service,No internet service,month-to-month,No,Electronic check,27.41,496.35,NO
CUST-7226,MALE,0,Yes,Yes,3,Yes,No,Fiber optic,No,Yes,Yes,Yes,Yes,Yes,two year,No,Bank transfer,87.16,268.45, Yes
CUST-7865, Male,0,No,No,4,Yes,No,Fiber optic,No,No internet service,No,No internet service,No,No internet service,two year,Yes,Electronic check,80.64,332.28,YES
CUST-7967,Female,0,No,Yes,56,Yes,No phone service,DSL,No,No,No internet service,No,Yes,No internet service,MONTH-TO-MONTH,Yes,Mailed check,59.75,3340.73,no
CUST-8118,female,0,No,Yes,63,Yes,Yes,DSL,Yes,Yes,No,No internet service,No,Yes,MONTH-TO-MONTH,No,Bank transfer,70.38,4442.47,Yes
CUST-8245,FEMALE,0,No,Yes,45,Yes,No phone service,Fiber optic,No,No,No,No internet service,Yes,No internet service,One year,Yes,Bank transfer,88.09, ,NO
CUST-7900, Male,0,No,No,11,Yes,Yes,Fiber optic,No internet service,Yes,Yes,No internet service,No internet service,No internet service,Month to month,No,Mailed check,88.06,963.36, Yes
CUST-7699,MALE,0,Yes,Yes,39,Yes,No,Fiber optic,No internet service,No internet service,No,Yes,No,No internet service,Month-to-month,Yes,Credit card,84.0,3279.95,yes
CUST-7601, Male,0,No,No,3,Yes,Yes,Fiber optic,Yes,Yes,No internet service,No internet service,No,Yes,Two year,Yes,Bank transfer,87.74,272.15, Yes
CUST-8058, Female ,1,Yes,Yes,0,Yes,No,Fiber optic,No,No internet service,No internet service,Yes,Yes,No,One year,Yes,Electronic check,94.08,3.18,yes
CUST-7217,female,0,Yes,No,20,Yes,No,Fiber optic,Yes,No,Yes,Yes,No,No internet service,month-to-month,No,Mailed check,96.43,1925.64,NO
CUST-8096,Female,0,Yes,Yes,10,Yes,No phone service,DSL,No,No internet service,No,No,Yes,Yes,two year,No,Electronic check,64.8,648.32,No
CUST-7817,Female,0,Yes,No,47,No,No phone service,DSL,Yes,No,No internet service,No,Yes,Yes,One year,Yes,Credit card,54.4,2563.34, No 
CUST-7220,male,0,Yes,No,64,Yes,Yes,Fiber optic,No internet service,No internet service,Yes,Yes,Yes,No,Month-to-month,No,Bank transfer,86.37,5534.54,YES
CUST-7213, Female ,1,Yes,Yes,21,Yes,No phone service,No,No internet service,No internet service,No internet service,No internet service,No internet service,No internet service,Month-to-month,Yes,Electronic check,26.03,555.09,yes
CUST-8356,female,0,No,Yes,68,Yes,No phone service,Fiber optic,No internet service,No,No,No internet service,No,No internet service,Month-to-month,No,Bank transfer,72.93,4960.68,No
CUST-7907,MALE,0,Yes,No,38,Yes,Yes,Fiber optic,No internet service,No internet service,Yes,No internet service,No,No internet service,Month to month,No,Electronic check,75.73,2876.96, Yes
CUST-7394,MALE,0,No,Yes,10,Yes,Yes,Fiber optic,Yes,No,No,Yes,No internet service,Yes,Month to month,Yes,Mailed check,93.21,928.67,No
CUST-7367,MALE,0,Yes,No,52,Yes,No,Fiber optic,Yes,No internet service,No,No internet service,No internet service,No internet service,2 year,Yes,Bank transfer,78.56,,No
CUST-7924,FEMALE,0,No,No,49,Yes,Yes,No,No internet service,No internet service,No internet service,No internet service,No internet service,No internet service,ONE YEAR,No,Bank transfer,28.62,1396.88, No 
CUST-7012, Male,1,Yes,Yes,22,Yes,No,DSL,No,Yes,No internet service,Yes,No,No internet service,ONE YEAR,No,Credit card,65.55,1448.07,No
CUST-8346,male,0,Yes,Yes,13,Yes,No phone service,Fiber optic,No internet service,No,Yes,Yes,Yes,Yes,Two year,No,Mailed check,109.17,,no
CUST-8222,male,0,Yes,No,16,Yes,No,DSL,No,No internet service,No internet service,No,No,Yes,One year,Yes,Mailed check,53.25,858.3, No 
CUST-7234,FEMALE,1,No,Yes,9,Yes,No phone service,Fiber optic,No,No internet service,Yes,Yes,Yes,No internet service,MONTH-TO-MONTH,Yes,Credit card,98.55,881.7,Yes
CUST-7695,female,0,No,No,45,Yes,No,Fiber optic,No internet service,No,No internet service,No internet service,No,No,one year,No,Mailed check,65.88,2962.18, No 
CUST-8084,Female,1,No,No,39,No,No phone service,Fiber optic,No internet service,No,No,No,Yes,Yes,MONTH-TO-MONTH,Yes,Electronic check,76.3,2974.38,no
CUST-8372,female,0,No,Yes,56,Yes,No,DSL,No internet service,No internet service,Yes,No,No,Yes,Month to month,Yes,Electronic check,55.31,3092.02,NO
CUST-8294, Female ,0,,Yes,62,Yes,Yes,DSL,No,No internet service,No internet service,No internet service,No,No,ONE YEAR,No,Mailed check,57.73,3571.62,no
CUST-7063,male,0,No,Yes,10,Yes,No phone service,DSL,No internet service,No,Yes,Yes,No internet service,No,Two year,No,Bank transfer,65.21,656.01,no
CUST-7734,FEMALE,0,Yes,No,19,Yes,Yes,DSL,Yes,Yes,Yes,No internet service,Yes,No internet service,MONTH-TO-MONTH,Yes,Credit card,83.64,1586.65,YES
CUST-8023,male,0,No,No,35,Yes,Yes,DSL,No,Yes,Yes,Yes,Yes,No,ONE YEAR,Yes,Mailed check,68.0,2380.89, No 
CUST-7964,MALE,0,Yes,No,1,No,No phone service,No,No internet service,No internet service,No internet service,No internet service,No internet service,No internet service,MONTH-TO-MONTH,No,Credit card,20.0,26.2,YES
CUST-7607,MALE,0,No,No,26,Yes,No phone service,Fiber optic,Yes,No internet service,No,No,No,Yes,One year,Yes,Mailed check,90.66,2353.35, Yes
CUST-7013,male,1,Yes,No,33,Yes,No,DSL,No internet service,Yes,No,No internet service,Yes,Yes,Month to month,No,Credit card,71.64,2364.78,no
CUST-7839,Female,0,Yes,Yes,61,Yes,No,Fiber optic,No internet service,No internet service,No,No,No internet service,Yes,month-to-month,No,Bank transfer,81.07, ,Yes
CUST-7435, Male,0,No,Yes,8,Yes,No phone service,Fiber optic,Yes,No internet service,No,Yes,No internet service,Yes,Month to month,No,Credit card,90.48,714.06,No
CUST-7017,Femal,0,Yes,Yes,61,Yes,Yes,Fiber optic,No internet service,No internet service,No internet service,Yes,Yes,No internet service,one year,Yes,Bank transfer,91.83,5595.52,yes
CUST-7764,male,Yes,No,No,10,Yes,No,Fiber optic,No internet service,No,Yes,No,No,No,MONTH-TO-MONTH,Yes,Bank transfer,79.75,791.92,No
CUST-7348,female,0,Yes,No,30,Yes,Yes,DSL,Yes,No,No internet service,No,No internet service,No internet service,ONE YEAR,No,Bank transfer,51.49,1535.73,NO
CUST-7207, Male,0,Yes,Yes,67,No,No phone service,No,No internet service,No internet service,No internet service,No internet service,No internet service,No internet service,one year,Yes,Credit card,20.0,1335.36,Yes
CUST-8114,male,1,Yes,Yes,4,Yes,Yes,Fiber optic,No internet service,Yes,No internet service,No,No,No,month-to-month,No,Credit card,82.17,325.96,YES
CUST-7341, Male,0,Yes,No,35,Yes,No phone service,No,No internet service,No internet service,No internet service,No internet service,No internet service,No internet service,2 year,No,Mailed check,27.73,970.67, No 
CUST-7344,Femal,0,No,No,50,Yes,No phone service,No,No internet service,No internet service,No internet service,No internet service,No internet service,No internet service,Month to month,No,Electronic check,25.87,1299.92,NO
CUST-8308, Female ,1,Yes,No,38,Yes,No,Fiber optic,No,No,Yes,Yes,No internet service,Yes,MONTH-TO-MONTH,No,Bank transfer,85.12,3232.9, Yes
CUST-8339,Femal,0,No,Yes,19,No,No phone service,Fiber optic,Yes,Yes,No,No internet service,Yes,No internet service,Two year,No,Mailed check,90.46,1728.47,NO
CUST-7551, Female ,0,Yes,No,1,Yes,No,DSL,No,No internet service,Yes,No,No internet service,No internet service,one year,Yes,Credit card,49.22,56.53,NO
CUST-7598,female,0,Yes,Yes,48,Yes,Yes,Fiber optic,No internet service,No internet service,No internet service,Yes,No,No,one year,Yes,Mailed check,87.25,4179.66,NO
CUST-7032,MALE,1,No,Yes,37,Yes,No phone service,DSL,Yes,No,No internet service,Yes,No,Yes,month-to-month,Yes,Credit card,65.14,2408.07,YES
CUST-7372,Male,0,Yes,No,49,Yes,No phone service,Fiber optic,No internet service,No,No internet service,Yes,Yes,Yes,month-to-month,Yes,Bank transfer,87.16,4280.51,Yes
CUST-7657,MALE,0,No,Yes,45,Yes,No phone service,DSL,No,Yes,No,Yes,Yes,No internet service,One year,No,Electronic check,65.07,2922.97,NO
CUST-7172, Female ,0,No,Yes,46,Yes,Yes,DSL,No,Yes,No internet service,Yes,No internet service,No internet service,Month-to-month,Yes,Electronic check,74.87,3453.71, Yes
CUST-8086, Female ,0,No,No,57,Yes,No,DSL,No,No,No,No internet service,Yes,Yes,2 year,Yes,Credit card,63.59,3616.42,NO
CUST-8349,FEMALE,0,No,Yes,71,Yes,No,No,No internet service,No internet service,No internet service,No internet service,No internet service,No internet service,month-to-month,Yes,Mailed check,27.86,1973.44,YES
CUST-7408,female,0,Yes,Yes,6,Yes,No,DSL,Yes,No,No,No internet service,Yes,No internet service,Month to month,No,Mailed check,63.97,384.43, No 
CUST-8050,Female,0,No,No,64,Yes,Yes,DSL,No,No internet service,Yes,Yes,Yes,No,Month to month,Yes,Credit card,64.43,4126.56,no
CUST-8393, Female ,0,No,No,2,Yes,No phone service,No,No internet service,No internet service,No internet service,No internet service,No internet service,No internet service,Month to month,No,Bank transfer,33.32,62.11,yes
CUST-7200,Femal,0,Yes,Yes,41,Yes,Yes,DSL,No,No internet service,Yes,No,Yes,No internet service,month-to-month,Yes,Credit card,52.53,2159.43,NO
CUST-8316,MALE,1,Yes,No,17,Yes,No,Fiber optic,No internet service,No,Yes,Yes,No,Yes,Month to month,Yes,Electronic check,90.04,1533.03,no
CUST-7860,Femal,0,Yes,No,8,Yes,No phone service,DSL,No,No internet service,No,No,No,No,MONTH-TO-MONTH,No,Bank transfer,57.43,461.53,yes
CUST-8363,Male,0,Yes,No,10,Yes,No phone service,Fiber optic,No internet service,Yes,No,No internet service,Yes,No internet service,Two year,Yes,Mailed check,87.0,864.87,YES
CUST-8165,FEMALE,1,Yes,No,10,Yes,Yes,Fiber optic,No,Yes,No internet service,No internet service,Yes,No internet service,Month to month,Yes,Mailed check,94.25,944.41,Yes
CUST-8341,,0,No,No,5,Yes,No,DSL,No internet service,No internet service,No,Yes,No,No,MONTH-TO-MONTH,Yes,Bank transfer,63.79,314.06,YES
CUST-8376, Male,0,Yes,No,35,Yes,Yes,DSL,No internet service,Yes,No,Yes,No,No internet service,MONTH-TO-MONTH,Yes,Electronic check,59.18,2068.94, Yes
CUST-7489,female,0,Yes,No,47,Yes,No phone service,Fiber optic,No,Yes,No,No internet service,No,No,TWO YEAR,No,Credit card,77.41,3641.54,No
CUST-8374, Male,0,Yes,Yes,7,No,No phone service,Fiber optic,Yes,No,Yes,No internet service,Yes,No,Month to month,Yes,Mailed check,84.19,591.17,yes
CUST-7212, Female ,0,No,Yes,12,Yes,No,DSL,No,Yes,No internet service,No internet service,Yes,No internet service,Month-to-month,No,Mailed check,72.4,874.34,no
CUST-7133, Male,0,Yes,No,22,Yes,Yes,Fiber optic,No internet service,Yes,No,No internet service,No internet service,No,Month to month,Yes,Bank transfer,85.46,1875.37,yes
CUST-7060, Male,0,No,Yes,29,No,No phone service,DSL,No internet service,No,Yes,Yes,No,Yes,month-to-month,No,Mailed check,64.08,1857.89,YES
CUST-7690,male,0,Yes,Yes,36,No,No phone service,No,No internet service,No internet service,No internet service,No internet service,No internet service,No internet service,MONTH-TO-MONTH,No,Credit card,20.0,710.64,yes
CUST-7026,MALE,0,Yes,No,25,Yes,No,Fiber optic,No internet service,No internet service,No internet service,No,No,No internet service,month-to-month,No,Mailed check,65.91,1655.6,NO
CUST-7100,male,0,No,No,36,Yes,No,DSL,No,No internet service,No,No internet service,No internet service,Yes,One year,Yes,Electronic check,60.52,,no
CUST-7974,male,0,Yes,No,51,No,No phone service,No,No internet service,No internet service,No internet service,No internet service,No internet service,No internet service,Month-to-month,No,Credit card,20.0,1021.13, No 
CUST-7776,FEMALE,0,No,Yes,1,Yes,No,Fiber optic,No internet service,No,Yes,No,Yes,No internet service,One year,No,Mailed check,79.62,83.48,NO
CUST-7788,female,0,Yes,Yes,8,Yes,Yes,No,No internet service,No internet service,No internet service,No internet service,No internet service,No internet service,month-to-month,Yes,Electronic check,28.79,229.22,no
CUST-7520,female,0,Yes,No,47,Yes,No phone service,No,No internet service,No internet service,No internet service,No internet service,No internet service,No internet service,Month to month,Yes,Mailed check,25.44,1202.38,NO
CUST-7363,FEMALE,0,Yes,No,66,Yes,No,No,No internet service,No internet service,No internet service,No internet service,No internet service,No internet service,MONTH-TO-MONTH,No,Mailed check,32.63,2152.19,NO
CUST-7309,FEMALE,0,Yes,No,22,Yes,Yes,Fiber optic,No internet service,Yes,No internet service,No internet service,No internet service,No internet service,TWO YEAR,No,Credit card,71.99,1591.53,no
CUST-7795,Male,0,Yes,Yes,23,Yes,No phone service,Fiber optic,No internet service,No internet service,No,No,No internet service,No,Two year,No,Electronic check,74.02,1700.57,no
CUST-7828,female,1,Yes,No,13,Yes,No phone service,Fiber optic,Yes,No,Yes,No internet service,No internet service,No,two year,Yes,Mailed check,86.44,1115.72, No 
CUST-8276,Femal,0,No,No,10,Yes,No,No,No internet service,No internet service,No internet service,No internet service,No internet service,No internet service,TWO YEAR,No,Credit card,26.9,274.78, No 
CUST-7544, Male,0,No,Yes,56,Yes,No,Fiber optic,No,No internet service,No,No internet service,No,Yes,Month-to-month,Yes,Mailed check,76.86,4313.72,No
CUST-7939,Male,0,Yes,No,2,Yes,No phone service,DSL,Yes,No internet service,No internet service,Yes,No,Yes,ONE YEAR,No,Credit card,76.41,145.08,NO
CUST-7441, Male,1,Yes,No,36,No,No phone service,DSL,No,No,No,Yes,No internet service,No,Two year,Yes,Electronic check,44.82,1605.75, Yes
CUST-7647,FEMALE,0,Yes,No,37,Yes,Yes,DSL,Yes,No,No internet service,No internet service,Yes,No internet service,2 year,No,Electronic check,55.88,2076.48,NO
CUST-8003,Femal,0,No,Yes,29,Yes,Yes,Fiber optic,No,No,No,Yes,Yes,No,TWO YEAR,No,Electronic check,97.15,2815.69,No
CUST-7476,Female,0,Yes,No,51,Yes,No,Fiber optic,No,No,No,No,Yes,No,Month-to-month,Yes,Credit card,80.49,4111.01,YES
CUST-8046, Female ,0,,Yes,12,Yes,Yes,DSL,No internet service,No,No internet service,No,No internet service,No,One year,No,Bank transfer,48.86,580.67,No
CUST-7062,Male,0,No,No,1,Yes,No,No,No internet service,No internet service,No internet service,No internet service,No internet service,No internet service,Month to month,Yes,Mailed check,31.83,27.29, Yes
CUST-8172,male,1,No,No,15,Yes,No phone service,DSL,No,No internet service,Yes,Yes,No,Yes,MONTH-TO-MONTH,Yes,Electronic check,78.94,1174.98, Yes
CUST-7483, Male,1,Yes,No,14,Yes,No,DSL,No,No internet service,No,Yes,No internet service,No internet service,One year,Yes,Bank transfer,49.8,706.16,No
CUST-8026,female,0,Yes,Yes,38,Yes,No phone service,No,No internet service,No internet service,No internet service,No internet service,No internet service,No internet service,Month-to-month,No,Electronic check,32.31,1233.05, Yes
CUST-8281,MALE,0,No,No,8,Yes,Yes,DSL,Yes,Yes,No internet service,Yes,Yes,No,2 year,No,Electronic check,71.11,,NO
CUST-7052,Femal,0,No,Yes,38,Yes,Yes,Fiber optic,Yes,No internet service,No,No internet service,No,No internet service,two year,No,Credit card,85.43,3241.57,Yes
CUST-7242, Male,0,Yes,Yes,9,Yes,No,Fiber optic,No,No internet service,No internet service,Yes,Yes,No,ONE YEAR,No,Bank transfer,88.62,804.13,no
CUST-8197,Male,0,Yes,Yes,12,Yes,No phone service,Fiber optic,No,No internet service,No,No internet service,No internet service,No internet service,ONE YEAR,Yes,Electronic check,79.13,945.16,
CUST-7035,Femal,0,No,No,60,Yes,No,No,No internet service,No internet service,No internet service,No internet service,No internet service,No internet service,Month-to-month,No,Mailed check,28.99,1733.75, Yes
CUST-8202,Female,0,No,Yes,49,Yes,No phone service,DSL,Yes,No,No internet service,Yes,Yes,No internet service,MONTH-TO-MONTH,Yes,Electronic check,61.42,3011.73,No
CUST-7738,Male,0,Yes,Yes,66,Yes,No phone service,No,No internet service,No internet service,No internet service,No internet service,No internet service,No internet service,month-to-month,Yes,Bank transfer,27.33,1798.96, No 
CUST-7120,Male,0,,,50,Yes,No,DSL,No internet service,Yes,No internet service,No,No,Yes,one year,No,Bank transfer,74.95,3738.05,NO
CUST-7806,female,0,No,No,71,Yes,No phone service,DSL,Yes,Yes,Yes,No,No internet service,No internet service,TWO YEAR,Yes,Credit card,73.8,5248.66,
CUST-8299,male,0,Yes,No,9,Yes,No,DSL,Yes,Yes,No,No internet service,Yes,Yes,MONTH-TO-MONTH,Yes,Bank transfer,70.33,631.03,NO
CUST-8019,male,0,No,No,72,Yes,No,No,No internet service,No internet service,No internet service,No internet service,No internet service,No internet service,TWO YEAR,No,Electronic check,27.07,1944.46,NO
CUST-7044,FEMALE,0,No,Yes,6,Yes,Yes,Fiber optic,No,Yes,No internet service,Yes,No,No internet service,2 year,Yes,Mailed check,77.32,465.31,yes
CUST-8324, Female ,0,No,Yes,2,Yes,No,DSL,No,Yes,No,No,Yes,No,MONTH-TO-MONTH,No,Bank transfer,63.21,120.79,Yes
CUST-7836,MALE,0,No,No,29,Yes,Yes,Fiber optic,No internet service,Yes,Yes,No internet service,Yes,No,Month-to-month,No,Credit card,97.52,2830.07,no
CUST-7076,Male,1,Yes,No,11,Yes,Yes,DSL,No,No,Yes,Yes,No,Yes,ONE YEAR,Yes,Mailed check,74.05,808.94, No 
CUST-7368, Female ,0,Yes,Yes,8,Yes,No phone service,DSL,No,No,No,No,Yes,Yes,One year,Yes,Mailed check,72.22,576.44,no
CUST-7906, Female ,0,Yes,No,50,Yes,No phone service,DSL,No internet service,Yes,No,No internet service,Yes,No,One year,No,Bank transfer,69.84,3489.24, No 
CUST-8236,MALE,0,Yes,No,30,Yes,No,DSL,No internet service,No internet service,Yes,No internet service,Yes,Yes,ONE YEAR,No,Mailed check,58.94,1763.82,
CUST-7267,female,0,No,No,61,Yes,No,No,No internet service,No internet service,No internet service,No internet service,No internet service,No internet service,month-to-month,Yes,Credit card,26.67,1631.65,Yes
CUST-8335,female,0,Yes,Yes,10,Yes,No phone service,Fiber optic,No,No,Yes,Yes,Yes,No,one year,No,Electronic check,89.47,895.17,Yes
CUST-7728,MALE,1,No,No,50,Yes,No phone service,Fiber optic,No,No internet service,Yes,No,No internet service,No internet service,month-to-month,Yes,Electronic check,81.95,4103.35,
CUST-7444,Femal,0,Yes,Yes,1,No,No phone service,Fiber optic,Yes,No,No,No internet service,No,Yes,Month to month,Yes,Electronic check,86.43,95.98,YES
CUST-7503, Male,0,Yes,No,5,Yes,No phone service,DSL,No,Yes,No internet service,Yes,No internet service,No,One year,Yes,Bank transfer,66.98,338.34,YES
CUST-8057,Male,0,No,Yes,64,Yes,No phone service,DSL,No,No,No internet service,No internet service,No internet service,No,two year,Yes,Credit card,54.42,3475.38,no
CUST-8033,male,0,No,Yes,21,No,No phone service,DSL,No internet service,No,No,No internet service,No internet service,Yes,month-to-month,No,Electronic check,53.61,1133.18,no
CUST-8184,Male,0,No,Yes,0,Yes,Yes,Fiber optic,No internet service,No internet service,Yes,No internet service,No internet service,No internet service,month-to-month,Yes,Mailed check,67.33,7.52,YES
CUST-7285,male,0,Yes,Yes,14,Yes,Yes,Fiber optic,No internet service,No internet service,No,Yes,Yes,Yes,two year,No,Mailed check,94.87,1332.04,no
CUST-7295,MALE,0,No,No,61,Yes,No phone service,Fiber optic,No internet service,Yes,No,Yes,No,No,ONE YEAR,No,Bank transfer,84.68,5161.86,No
CUST-7625,MALE,0,No,No,62,Yes,No phone service,DSL,Yes,No internet service,Yes,No,No internet service,No internet service,2 year,Yes,Electronic check,68.62,4258.6,No
CUST-7277,Male,0,No,Yes,1,Yes,No phone service,No,No internet service,No internet service,No internet service,No internet service,No internet service,No internet service,month-to-month,Yes,Electronic check,33.85,24.13,yes
CUST-8394, Male,0,No,Yes,11,Yes,No phone service,Fiber optic,Yes,Yes,Yes,No,Yes,No internet service,month-to-month,Yes,Mailed check,84.79,934.69, No 
CUST-7484,Female,0,Yes,No,61,No,No phone service,Fiber optic,No,No internet service,No internet service,Yes,No internet service,No,TWO YEAR,Yes,Bank transfer,77.51,4733.15,NO
CUST-7182, Female ,0,No,No,2,Yes,No phone service,DSL,No,No internet service,No,No internet service,Yes,No,MONTH-TO-MONTH,No,Mailed check,49.0,91.64,yes
CUST-7970, Male,0,Yes,Yes,38,Yes,Yes,Fiber optic,No,No,No,No internet service,Yes,No,ONE YEAR,No,Mailed check,79.31,3022.79, No 
CUST-7246,Femal,0,Yes,No,67,Yes,No,Fiber optic,No internet service,No internet service,No internet service,No,No internet service,Yes,Month to month,Yes,Credit card,81.78,5472.56,YES
CUST-7684,MALE,1,Yes,Yes,38,Yes,Yes,DSL,No,Yes,Yes,No internet service,No,No,Month to month,No,Electronic check,67.76,2568.51,YES
CUST-8213,Female,1,No,No,32,Yes,Yes,DSL,Yes,No,No internet service,Yes,No internet service,Yes,ONE YEAR,Yes,Bank transfer,63.49,2040.21,NO
CUST-7036,Female,0,Yes,Yes,62,No,No phone service,Fiber optic,Yes,No internet service,No,No internet service,Yes,No,MONTH-TO-MONTH,Yes,Bank transfer,83.87,5204.77,No
CUST-8180,female,0,No,No,3,Yes,No phone service,No,No internet service,No internet service,No internet service,No internet service,No internet service,No internet service,month-to-month,No,Bank transfer,29.0,82.65,
CUST-7002,FEMALE,0,No,Yes,2,Yes,No,DSL,No,No,Yes,Yes,No internet service,Yes,Month-to-month,No,Credit card,75.08,145.56,YES
CUST-7754,male,0,Yes,Yes,14,Yes,Yes,No,No internet service,No internet service,No internet service,No internet service,No internet service,No internet service,one year,Yes,Mailed check,34.08,485.62,no
CUST-7508,Female,0,Yes,No,17,Yes,No phone service,DSL,No internet service,Yes,No internet service,No internet service,No internet service,Yes,two year,No,Mailed check,64.02,1094.07,no
CUST-7497,FEMALE,0,Yes,No,7,Yes,No,DSL,No internet service,Yes,No internet service,No internet service,No internet service,No internet service,TWO YEAR,No,Bank transfer,57.28,392.71, No 
CUST-7308,male,0,Yes,Yes,7,No,No phone service,No,No internet service,No internet service,No internet service,No internet service,No internet service,No internet service,Two year,Yes,Mailed check,20.0,144.53,No
CUST-8313, Male,0,Yes,Yes,18,Yes,Yes,DSL,No internet service,No internet service,Yes,Yes,Yes,Yes,TWO YEAR,Yes,Bank transfer,75.32,1355.56, No 
CUST-7141,male,0,No,Yes,38,Yes,Yes,DSL,No,No internet service,No internet service,Yes,No,Yes,Month-to-month,Yes,Mailed check,60.52,2293.73,yes
CUST-8247,Femal,0,No,No,68,Yes,No phone service,Fiber optic,Yes,Yes,No internet service,No,No internet service,No,one year,Yes,Bank transfer,83.79,5694.1, No 
CUST-7864,FEMALE,0,No,Yes,40,Yes,No,DSL,No,No,Yes,Yes,No,No internet service,ONE YEAR,No,Bank transfer,61.59,2463.67,Yes
CUST-7183,Female,0,No,Yes,34,Yes,No,DSL,No,Yes,No,No,No,No,Two year,No,Electronic check,62.5,2134.09,NO
CUST-7990, Male,0,Yes,No,65,Yes,No,DSL,No internet service,No,Yes,No,Yes,No,Month to month,Yes,Mailed check,55.24,3596.64,YES
CUST-8010,female,0,Yes,Yes,43,No,No phone service,No,No internet service,No internet service,No internet service,No internet service,No internet service,No internet service,Month to month,Yes,Mailed check,20.0,868.4, Yes
CUST-7912,female,1,Yes,Yes,3,Yes,No,Fiber optic,No,Yes,No internet service,Yes,No internet service,No,Month-to-month,Yes,Electronic check,79.26,240.31,YES
CUST-7848, Female ,0,No,No,19,Yes,Yes,DSL,Yes,Yes,No internet service,No internet service,Yes,Yes,month-to-month,Yes,Credit card,68.54,1297.37,NO
CUST-7511,MALE,1,Yes,No,69,Yes,Yes,Fiber optic,No internet service,No,No internet service,Yes,Yes,No internet service,One year,Yes,Bank transfer,84.99,5860.83,YES
CUST-7731, Male,0,Yes,No,10,Yes,Yes,DSL,No,No,Yes,Yes,No internet service,No internet service,TWO YEAR,Yes,Credit card,55.72,558.75,yes
CUST-7996,male,0,No,No,62,No,No phone service,DSL,Yes,No internet service,No,No,No,No,Month to month,Yes,Bank transfer,52.33,3237.0,no
CUST-7887,male,0,No,No,42,Yes,No,DSL,No internet service,No,No internet service,No internet service,No internet service,No,Month to month,No,Bank transfer,44.43,, Yes
CUST-7117,female,1,No,Yes,51,Yes,No,Fiber optic,Yes,No internet service,No,Yes,No internet service,No internet service,one year,No,Credit card,83.61,4273.85,YES
CUST-8025,MALE,0,No,Yes,35,Yes,No,Fiber optic,No internet service,No internet service,No,No internet service,No internet service,Yes,ONE YEAR,No,Electronic check,90.43,3166.6,YES
CUST-7113,FEMALE,0,Yes,Yes,26,Yes,Yes,No,No internet service,No internet service,No internet service,No internet service,No internet service,No internet service,MONTH-TO-MONTH,Yes,Electronic check,25.02,649.82,no
CUST-7545,MALE,0,Yes,Yes,39,Yes,No phone service,DSL,No internet service,No,No,No internet service,Yes,No,2 year,Yes,Mailed check,50.66,1967.99, No 
CUST-7165, Female ,1,Yes,No,8,Yes,No,Fiber optic,No internet service,No,No,No,No internet service,No internet service,MONTH-TO-MONTH,Yes,Credit card,69.83,564.95,no
CUST-7184, Female ,0,Yes,Yes,29,Yes,Yes,Fiber optic,Yes,No,Yes,No,No,No internet service,2 year,No,Mailed check,84.92,2457.77, No 
CUST-8396,male,0,Yes,No,0,No,No phone service,DSL,Yes,No,No internet service,No,No internet service,No,One year,Yes,Credit card,51.09,0.0,No
CUST-7274,male,0,Yes,No,33,Yes,No,DSL,No,No internet service,No internet service,Yes,Yes,No,one year,No,Bank transfer,65.9,2178.12,no
CUST-8001, Male,0,No,No,7,Yes,Yes,Fiber optic,No internet service,Yes,No,Yes,Yes,Yes,Two year,No,,102.22,706.06,No
CUST-7704,Femal,0,No,Yes,0,Yes,Yes,DSL,Yes,No,Yes,No,Yes,No,ONE YEAR,Yes,Mailed check,65.07,2.26,no
CUST-8024, Male,0,No,Yes,7,Yes,No phone service,DSL,No internet service,No internet service,No,Yes,No internet service,No internet service,Month-to-month,No,Bank transfer,58.33,409.78, No 
CUST-7383,Female,0,No,Yes,42,No,No phone service,Fiber optic,No internet service,No,No internet service,No,No,No internet service,month-to-month,No,Credit card,69.59,2913.3,No
CUST-7561,Female,0,Yes,No,39,Yes,No phone service,DSL,No internet service,Yes,Yes,No,No internet service,Yes,month-to-month,Yes,Credit card,65.86,2577.53,no
CUST-7862, Female ,0,Yes,No,61,No,No phone service,No,No internet service,No internet service,No internet service,No internet service,No internet service,No internet service,two year,No,Electronic check,20.0,1212.6,NO
CUST-8044,Male,0,Yes,Yes,30,Yes,No phone service,Fiber optic,No,No internet service,No internet service,No,No,No,Two year,No,Bank transfer,77.59,2330.04,No
CUST-7176,male,0,Yes,No,3,Yes,Yes,Fiber optic,No,No internet service,No internet service,Yes,No,No internet service,ONE YEAR,Yes,Electronic check,75.53,235.46,NO
CUST-8359,FEMALE,1,No,No,47,Yes,No,No,No internet service,No internet service,No internet service,No internet service,No internet service,No internet service,MONTH-TO-MONTH,No,Bank transfer,31.14,1466.2, No 
CUST-7379,male,1,No,No,36,Yes,Yes,Fiber optic,Yes,No internet service,Yes,No,No internet service,No internet service,Month to month,No,Mailed check,95.84,3442.45, No 
CUST-8195,Male,0,No,,15,Yes,Yes,Fiber optic,No,Yes,Yes,No,No internet service,No internet service,Month-to-month,No,,86.24,1292.52,no
CUST-8016,MALE,0,No,Yes,7,Yes,No phone service,DSL,No,Yes,No,No,No internet service,No internet service,one year,Yes,,51.89,367.33,NO
CUST-7519,MALE,0,No,No,41,Yes,Yes,Fiber optic,Yes,No,No,No,Yes,No internet service,Month-to-month,Yes,Electronic check,77.69,3178.11,no
CUST-7830,Femal,0,No,Yes,59,Yes,Yes,DSL,No internet service,No internet service,No,No internet service,No,Yes,month-to-month,No,Electronic check,55.71,3277.28, No 
CUST-7507, Male,1,Yes,Yes,4,Yes,No phone service,No,No internet service,No internet service,No internet service,No internet service,No internet service,No internet service,MONTH-TO-MONTH,Yes,Bank transfer,33.27,140.33,NO
CUST-8176,FEMALE,0,No,Yes,3,Yes,No,DSL,Yes,No internet service,Yes,No internet service,Yes,No internet service,Month-to-month,No,,71.94,211.31, No 
CUST-7413,female,0,Yes,Yes,53,Yes,No,DSL,No internet service,No,Yes,Yes,No internet service,Yes,Month-to-month,Yes,Credit card,76.18,4031.17,YES
CUST-7622,FEMALE,0,No,No,50,Yes,Yes,DSL,No,No,Yes,Yes,No internet service,No internet service,MONTH-TO-MONTH,Yes,Electronic check,55.05,2748.99, Yes
CUST-7872,Female,0,Yes,No,67,Yes,No,DSL,No internet service,Yes,Yes,No internet service,No internet service,No,One year,No,Mailed check,62.4,4174.14,No
CUST-7858, Female ,0,No,Yes,58,Yes,No,No,No internet service,No internet service,No internet service,No internet service,No internet service,No internet service,2 year,No,Bank transfer,33.01,1921.12, No 
CUST-7641,Male,0,Yes,Yes,69,Yes,Yes,Fiber optic,No,No,Yes,No,Yes,No,ONE YEAR,Yes,Mailed check,87.33,6026.15,no
CUST-8340,Male,0,Yes,Yes,39,Yes,Yes,No,No internet service,No internet service,No internet service,No internet service,No internet service,No internet service,Month-to-month,Yes,Mailed check,32.1,1242.89, Yes
CUST-7258,MALE,0,,No,2,No,No phone service,DSL,No,No internet service,No internet service,No,No,No internet service,Month to month,Yes,Mailed check,35.85,79.35,NO
CUST-7834,MALE,0,No,Yes,16,Yes,Yes,Fiber optic,Yes,No,Yes,No internet service,No internet service,No internet service,MONTH-TO-MONTH,No,Electronic check,88.88,1426.3,NO
CUST-7662,male,1,No,No,4,No,No phone service,DSL,No internet service,No internet service,No internet service,Yes,No,Yes,one year,Yes,Electronic check,53.05,211.39,NO
CUST-7337,male,1,Yes,No,13,Yes,No,DSL,No,No,No,No,Yes,Yes,MONTH-TO-MONTH,Yes,Bank transfer,60.14,783.13, No 
CUST-7398, Male,0,Yes,Yes,38,Yes,No phone service,Fiber optic,No,No,No internet service,No internet service,Yes,No,Month to month,No,Credit card,80.49,3062.78,Yes
CUST-7605,MALE,0,No,Yes,43,Yes,Yes,DSL,No,No internet service,No internet service,No internet service,Yes,No internet service,2 year,No,Electronic check,68.93,2970.15, No 
CUST-7480,male,0,No,No,0,Yes,Yes,No,No internet service,No internet service,No internet service,No internet service,No internet service,No internet service,Month-to-month,Yes,Electronic check,27.45,6.21,yes
CUST-8143, Male,0,Yes,No,30,Yes,No,DSL,No,No internet service,No internet service,Yes,Yes,Yes,two year,No,Bank transfer,73.25,2192.6,
CUST-7917,Femal,0,No,Yes,33,Yes,No,Fiber optic,No internet service,No internet service,Yes,No,No,Yes,month-to-month,Yes,Electronic check,83.76,2757.76,YES
CUST-8017,male,0,Yes,No,0,Yes,Yes,DSL,No internet service,Yes,Yes,No,No internet service,No internet service,One year,No,Credit card,70.46,0.51,No
CUST-7875,female,0,No,Yes,0,Yes,No phone service,Fiber optic,Yes,Yes,No internet service,No,No,Yes,One year,Yes,Mailed check,89.29,0.0,Yes
CUST-7659, Female ,0,Yes,No,35,Yes,Yes,Fiber optic,Yes,No internet service,No,Yes,Yes,Yes,Month to month,No,Electronic check,97.92,3432.57, Yes
CUST-8021, Male,0,No,No,1,Yes,No,Fiber optic,No,Yes,No internet service,Yes,No,Yes,One year,Yes,Credit card,99.03,96.02,YES
CUST-7789,female,1,No,No,50,No,No phone service,DSL,No,No internet service,No,No internet service,No,No internet service,Month to month,No,Credit card,40.5,2033.26,yes
CUST-7256,,0,Yes,No,11,Yes,No phone service,Fiber optic,Yes,No internet service,No internet service,Yes,Yes,Yes,month-to-month,No,Credit card,98.76,1083.13,NO
CUST-7968,female,0,Yes,Yes,60,Yes,No,Fiber optic,No,No internet service,Yes,No internet service,No,No internet service,Month-to-month,No,Bank transfer,71.13,4264.87,Yes
CUST-7952, Male,1,Yes,Yes,16,Yes,No phone service,DSL,No internet service,No internet service,No internet service,No internet service,No internet service,Yes,month-to-month,Yes,Bank transfer,64.86,1033.23,NO
CUST-8273,MALE,1,No,Yes,57,Yes,No phone service,DSL,No internet service,No internet service,No internet service,No,No internet service,Yes,Month-to-month,Yes,,55.13,3139.51,YES
